name,full_name,description,created_at,pushed_at,language
CacheProxy,harsht1608/CacheProxy,"A blazing-fast caching proxy that integrates Redis for in-memory caching, MongoDB for persistent storage, and Docker for seamless deployment. Supports LRU/LFU eviction policies, real-time cache statistics, and CLI-based configuration. Boost your API performance and reduce backend load with this powerful caching solution!",2025-02-28T17:45:05Z,2025-02-28T17:52:06Z,JavaScript
startctl,NeonTowel/startctl, startctl  A blazing-fast CLI to manage Windows startup apps!,2025-02-28T16:28:34Z,2025-02-28T19:41:47Z,Go
arbos-foundry,iosiro/arbos-foundry,"Foundry is a blazing fast, portable and modular toolkit for Ethereum application development written in Rust.",2025-02-28T10:32:04Z,2025-03-01T00:11:31Z,Rust
3url,aPassie/3url, Crush URLs into 3 characters with this blazing fast shortener. React+Vite & SWC-powered (because slow shorteners are worse than slow Wi-Fi ). Shorten and share,2025-02-27T18:42:57Z,2025-02-27T18:44:01Z,JavaScript
br,drearywire/br,"A blazingly fast  go library to validate and generate Brazilian documents such as CNPJ, CPF, CNH, CNS etc",2025-02-27T14:45:40Z,2025-02-27T14:45:47Z,Go
Interstellar,Test12882/Interstellar,One of the most popular modern web proxies with blazing fast speeds and a variety of games.,2025-02-26T17:48:43Z,2025-02-27T16:03:18Z,JavaScript
yamlfmt,unevenmonk/yamlfmt," Blazing fast YAML formatter cli, formatter, go-formatter, golang-application, yaml",2025-02-26T16:59:26Z,2025-02-26T16:59:30Z,Go
readme-gen-cli,Pooreffects/readme-gen-cli,Customize README.md using a blazingly fast Bun CLI,2025-02-26T15:15:20Z,2025-02-27T18:06:32Z,TypeScript
nofus,kariudo/nofus,A blazingly fast memory safe no fuss way to react to NFS connectivity.,2025-02-26T13:29:20Z,2025-02-27T14:22:09Z,Rust
neutron,aaronkazah/neutron,"a lightweight, high-performance async python framework for building blazingly fast APIs, with first class AI support",2025-02-26T04:04:56Z,2025-02-26T05:44:52Z,Python
sn0walgo.info,Sn0wRa1nX/sn0walgo.info,Blazing fast algorithms for Jailbreak,2025-02-26T03:12:41Z,2025-02-26T06:24:38Z,TypeScript
Cinna-Key-Manager,CinnamonDoe/Cinna-Key-Manager,This is a personal password manager with a blazingly fast backend and responsive interface. Keys that you manage are offline. ,2025-02-26T02:10:59Z,2025-03-01T04:38:38Z,TypeScript
BlyFast,OrientalLines/BlyFast,"A blazingly fast Java framework for REST APIs, inspired by GoFiber and Express.js.",2025-02-24T23:28:52Z,2025-02-25T08:58:02Z,Java
bun-curl2,Aslarex/bun-curl2,"BunCurl2 is a blazing fast, fetch-like HTTP client built with Bun and cURL in TypeScript.",2025-02-24T12:52:12Z,2025-02-27T22:02:13Z,TypeScript
pg-copybara,pratikgajjar/pg-copybara,I copy postgres data blazingly fast to postgres.,2025-02-23T19:57:42Z,2025-02-23T19:58:39Z,Go
blazingly-fast,hmazomba/blazingly-fast,,2025-02-23T17:48:14Z,2025-02-23T17:48:14Z,
lazsheet,blazo-dev/lazsheet,"LazSheet is a modern and lightweight cheatsheet for multiple programming languages, built with Astro for blazing-fast performance. Whether you're a beginner or an experienced developer, this project provides quick syntax references, useful code snippets, and essential commands to boost your productivity.",2025-02-23T17:27:36Z,2025-02-23T21:30:42Z,Astro
SOLAR,Neetify0/SOLAR,"Lightweight, blazing fast, and sleek site with games, tools, and more all on SOLAR!",2025-02-23T15:24:28Z,2025-02-28T23:12:51Z,JavaScript
PyroPi,ayushch80/PyroPi," PyroPi  A  blazing-fast,  UI-based,  cross-platform client for (Raspberry Pi Zero 2 W)",2025-02-23T12:30:35Z,2025-02-28T14:09:32Z,Svelte
InfernoVM.net,halla2023/InfernoVM.net,"InfernoVM  Blazing-fast, ultra-secure hosting with 99.99% uptime, NVMe SSDs and global data centers. Power, speed, and security in one place! ",2025-02-22T13:01:18Z,2025-03-01T08:20:16Z,
kand,rust-ta/kand,A Blazingly Fast Technical Analysis Library in Rust and Python.,2025-02-22T12:23:12Z,2025-02-28T11:09:34Z,Rust
dotfiles,ZhenShuo2021/dotfiles,Unleash blazing fast Zsh with single line installation!,2025-02-21T22:46:28Z,2025-02-26T09:57:35Z,Shell
gofetch,Amirali-Amirifar/gofetch,a blazingly fast download manager  ,2025-02-21T21:34:50Z,2025-02-21T21:41:18Z,
Write-with-Groq,uulasb/Write-with-Groq,"Do you remember Hugging Face's Write with Transformer? It was this cool web app where you could type and see AI completions happen in real-time. As an experiment, WriteWithGroq aims to bring back that magic, but now powered by Groq's blazing-fast inference engine and new AI models.",2025-02-21T17:26:00Z,2025-02-21T17:48:49Z,TypeScript
reowolt,LazyCat2/reowolt,Blazing fast  and memory unsafe  native Revolt client written in CPP & QT,2025-02-20T17:42:59Z,2025-02-20T18:06:16Z,C++
blazingqlog,louisna/blazingqlog,"Blazing fast memory-safe QLOG reader, written in Rust of course.",2025-02-20T16:02:44Z,2025-02-28T08:33:50Z,Rust
scraper-lite,ArthurFinster/scraper-lite,"a blazingly fast scraper, which uses simple html parsing.",2025-02-20T07:44:37Z,2025-02-26T17:29:19Z,Go
SudokuSolver-OptimizedApproach-,GURURAJ8/SudokuSolver-OptimizedApproach-,"A blazing-fast Sudoku solver using bitmasking, constraint propagation, and MRV heuristic for optimal efficiency. Solves even the toughest puzzles in milliseconds!    Optimized backtracking with forward-checking  Bitwise operations for fast constraint updates  Easily extensible for AI-powered solving   Try it now! ",2025-02-19T04:09:03Z,2025-02-19T04:46:19Z,C++
GoForPort,susapr/GoForPort," A blazing fast port scanner written in Go (TCP, UDP, Stealth, Fingerprinting)",2025-02-18T21:14:23Z,2025-02-18T21:16:49Z,
Notepad-,Mohammedabdelkafi/Notepad-,A blazingly fast note taking app made with rust,2025-02-18T17:01:55Z,2025-02-21T11:18:13Z,
kestrel,pigeonbox/kestrel,Blazingly fast metering and billing solution built with rust,2025-02-18T09:08:41Z,2025-02-18T09:08:42Z,
breadwithalmonds,software-meeting/breadwithalmonds,Blazingly  fast  Mandelbrot Set renderer written in Rust.,2025-02-18T06:10:50Z,2025-02-25T04:48:50Z,Rust
chroma-kit,dragonspark-tech/chroma-kit,"A modern, blazingly fast color manipulation library, built by DragonSpark.",2025-02-18T02:19:30Z,2025-02-19T01:47:22Z,TypeScript
hashgen,uniformalert/hashgen,"hashgen - the blazingly fast hash generator bcrypt, cyclone, gen, generator, hash, hashcat, hashgen, hashgenerator, md5, mdxfind, multithreaded, ntlm, sha, sha1, sha2, sha256, sha3, threaded",2025-02-18T00:49:31Z,2025-02-18T00:49:36Z,Go
proxyplz,dditlev/proxyplz,"Blazing-fast HTTP proxy for effortless API testing & developmentslash CORS headaches instantly with secure, Rust-powered forwarding. Your web projects deserve a zero-config, universal CORS solution that just works.",2025-02-17T22:17:30Z,2025-02-17T22:59:03Z,Rust
convertions-helper,x2loreeh/convertions-helper,A blazing fast utility for converting data,2025-02-17T22:05:54Z,2025-02-24T17:30:28Z,JavaScript
CozyEvent,RecursiveVoid/CozyEvent,"A lightweight, blazing fast, microtask-based asynchronous and synchronous event emitter for JavaScript/TypeScript.",2025-02-17T20:25:15Z,2025-02-27T11:07:40Z,TypeScript
aerolattice,josephrhobbs/aerolattice,A blazingly fast aerodynamics package built for modern aerospace applications.,2025-02-17T18:49:29Z,2025-02-24T17:01:36Z,Rust
blog-blazingly-fast,mietto-dev/blog-blazingly-fast,"An exercise on performance practices using Next.JS, GraphQL, etc",2025-02-17T06:08:13Z,2025-02-17T07:21:37Z,TypeScript
ur5_inverse_kinematics_rust,eld4niz/ur5_inverse_kinematics_rust,Blazingly Fast Inverse Kinematics Algorithm Implemented in Rust for 6 DoF Robots,2025-02-16T22:46:10Z,2025-02-16T22:54:19Z,Rust
sqlr,yousuckatc0ding/sqlr,Blazingly fast GUI app for querying MySQL,2025-02-16T19:21:53Z,2025-02-16T19:21:53Z,
is_ai,wzulfikar/is_ai,Blazing fast AI content detector with Rust,2025-02-16T19:19:10Z,2025-02-16T19:21:10Z,Rust
HypershiftAI,HyperShiftAI/HypershiftAI,Blazingly fast swaps across blockchains,2025-02-16T16:46:45Z,2025-02-26T15:08:55Z,JavaScript
bfq,phtea/bfq,Blazingly Fast Queue Data Structure for Golang,2025-02-15T20:11:19Z,2025-02-16T11:06:49Z,Go
blazedict,kernelshreyak/blazedict,Blazingly fast english dictionary server with word search and word-autocomplete,2025-02-15T11:26:08Z,2025-02-15T11:26:48Z,Python
krome,evmts/krome,"Build blazingly fast, tiny blockchain applications that run natively on all major desktop and mobile platforms.",2025-02-15T00:38:03Z,2025-02-26T18:27:40Z,Svelte
Bee-Virt,j0shua-daniel/Bee-Virt,A blazing fast bash script to make using bhyve simple!,2025-02-14T20:54:31Z,2025-02-14T20:56:32Z,
davidvictoria.io,davic64/davidvictoria.io," A blazing-fast personal website built with Astro, React, and Tailwind CSS.",2025-02-14T19:47:05Z,2025-02-18T08:45:33Z,Astro
lintspec,beeb/lintspec,A blazingly fast linter for NatSpec comments in Solidity code,2025-02-14T12:44:21Z,2025-02-27T10:05:09Z,Rust
hashgen,vibrantturn/hashgen,"hashgen - the blazingly fast hash generator bcrypt, cyclone, gen, generator, hash, hashcat, hashgen, hashgenerator, md5, mdxfind, multithreaded, ntlm, sha, sha1, sha2, sha256, sha3, threaded",2025-02-14T12:40:10Z,2025-02-14T12:40:23Z,Go
arbor,RoyAalekh/arbor,A blazing-fast and lightweight CLI tool to visualize directory structures in a tree format. Perfect for exploring file hierarchies with clarity and ease. ,2025-02-14T06:55:27Z,2025-02-14T07:40:43Z,Rust
SpeedyCache,rizkyngrh23/SpeedyCache,"SpeedyCache is a blazing-fast caching library for Node.js and browsers with auto-expiry, LRU cache, and persistent storage (Redis, LocalStorage, or File-based).",2025-02-14T02:33:59Z,2025-02-14T02:33:59Z,
start-react-projet,01Barthez/start-react-projet,"React Starter Project is a comprehensive boilerplate crafted to accelerate the development of modern React applications. It seamlessly integrates TypeScript for robust typing, Vite for blazing-fast builds, TailwindCSS for utility-first styling, and Zustand for lightweight state management. With preconfigured tools like ESLint and Prettier for code.",2025-02-14T01:45:50Z,2025-02-14T01:55:19Z,TypeScript
PNG2PDF,browser-vm/PNG2PDF,A PNG to PDF converter. Blazing fast for large files.,2025-02-14T01:34:34Z,2025-02-24T22:28:56Z,TypeScript
RustTODO,DiamondJdev/RustTODO,TODO list created in Rust for blazingly fast performance,2025-02-13T19:27:20Z,2025-02-13T19:27:21Z,
improved-waffle,e1b2i3/improved-waffle, A fully-featured and blazing-fast JavaScript API client to interact with Algolia.,2025-02-13T11:58:34Z,2025-02-13T14:08:27Z,
automatic-octo-robot,e1b2i3/automatic-octo-robot, A fully-featured and blazing-fast JavaScript API client to interact with Algolia.,2025-02-13T11:33:30Z,2025-02-13T11:34:06Z,
literate-octo-lamp,e1b2i3/literate-octo-lamp, A fully-featured and blazing-fast JavaScript API client to interact with Algolia.,2025-02-13T11:03:19Z,2025-02-13T11:03:23Z,EJS
monkey,tuuuu99/monkey,One of the most popular modern web proxies with blazing fast speeds and a variety of games.,2025-02-12T16:53:25Z,2025-01-25T23:00:45Z,
superval,ridh21/superval,"Blazing-fast, lightweight, and TypeScript-first validation library ",2025-02-12T04:44:10Z,2025-02-12T05:21:02Z,TypeScript
SPR-Reader,Javier-Romario/SPR-Reader,A blazingly fast speed reader - Made with love and Rust,2025-02-11T20:03:23Z,2025-02-12T23:46:37Z,Rust
hyprlauncher,Zuriefais/hyprlauncher,"GUI for launching applications, written in blazingly fast Rust!  ",2025-02-11T16:10:59Z,2025-02-21T18:19:35Z,Rust
Catalyst,GitanElyon/Catalyst,Catalyst is a blazingly fast lightweight code editor built in with a minimalist theme.,2025-02-10T20:12:43Z,2025-02-22T10:49:16Z,Rust
react-ultra-fast-state,HaydnSeek/react-ultra-fast-state,"A blazing-fast, memory-efficient state management library for React using Uint8ClampedArray",2025-02-10T19:36:06Z,2025-02-10T20:05:22Z,
thundertunnel,1ajh/thundertunnel,A blazing fast proxy that loads faster than you can blink.,2025-02-10T13:39:50Z,2025-02-10T13:42:05Z,
sams,AnH0ang/sams,Sams (pronounced Zahms) is a blazingly fast dotfile manager written in Rust.,2025-02-10T07:56:53Z,2025-02-20T08:20:57Z,Rust
hideDot,youhide/hideDot," A blazing fast dotfiles manager in Go - Manage your dotfiles, symlinks, and system configuration with a simple YAML config. Features home directory expansion, git repo cloning, and shell command execution.",2025-02-10T02:33:18Z,2025-02-26T15:39:38Z,Go
bun_shortUrl_lruCache_sqlite_http3,er-zhi/bun_shortUrl_lruCache_sqlite_http3,"A lightweight, dependency-free URL shortener built with Bun, SQLite, and an in-memory LRU cache. Blazing fast, efficient, and optimized for Raspberry Pi, edge devices, and low-memory environments.",2025-02-09T18:08:08Z,2025-02-09T18:08:08Z,
taqui,Aern-do/taqui,  Blazingly fast messanger app written in Rust and Typescript,2025-02-09T17:35:26Z,2025-02-22T23:38:05Z,TypeScript
dns-resolver,PCoelho07/dns-resolver,"A blazing-fast, minimalistic DNS resolver written in Go",2025-02-09T16:43:52Z,2025-02-09T16:54:33Z,Go
daily-coding-problem-solutions,ColourfulMelon/daily-coding-problem-solutions,"Blazingly fast solutions to challenges from dailycodingproblem.com, written in rust",2025-02-08T19:17:29Z,2025-02-08T19:18:09Z,Rust
Ai-Chat,OleksiyM/Ai-Chat,Blazing-fast macOS chat with local AI models powered by Ollama. Built with SwiftUI,2025-02-08T16:17:53Z,2025-02-08T20:39:30Z,Swift
yappa,Manomenu/yappa,Yet Anoter PDF Parsing Application: Distributed system that can ba scaled up to parse list of PDFs blazingly fast.,2025-02-08T12:22:03Z,2025-02-10T23:21:12Z,
quiver,TFMV/quiver,"Blazing-Fast, Embeddable Vector Search in Go",2025-02-08T11:53:13Z,2025-02-24T18:52:34Z,Go
Science-Homework,githubnetworc/Science-Homework,One of the most popular modern web proxies with blazing fast speeds and a variety of games.,2025-02-07T19:32:07Z,2025-02-18T17:46:35Z,JavaScript
poseidon2,zkpassport/poseidon2,A blazing fast Poseidon2 implementation in TypeScript for the BN254 curve,2025-02-07T07:44:21Z,2025-02-21T15:35:30Z,TypeScript
ramstack.parsing,rameel/ramstack.parsing,"A blazing-fast, lightweight, and intuitive parser combinator library for .NET",2025-02-06T23:20:22Z,2025-02-15T21:41:13Z,C#
Interstellar-V3,wioefasdonef/Interstellar-V3,One of the most popular modern web proxies with blazing fast speeds and a variety of games.,2025-02-06T23:04:15Z,2025-02-06T23:20:38Z,HTML
SwiftPage,thena73/SwiftPage,A lightweight static site generator with blazing-fast performance.,2025-02-06T19:35:42Z,2025-02-06T19:35:42Z,
vue-case,nurkarakas/vue-case," Boost Your Data Visualization: Vue 3, HighCharts & Tailwind CSS Starter Kit!  Unlock the potential of interactive charts and a stunning, responsive interface with ease.  Empower your web applications using Vue 3, Pinia for blazing-fast state management, and the elegance of Tailwind CSS.  Elevate your projects with modern tech and a modular ",2025-02-06T15:36:14Z,2025-02-06T16:21:07Z,Vue
Sturgeon_CPP,huicongyao/Sturgeon_CPP,A blazing fast basecaller to convert nanopore electric signal to DNA sequence,2025-02-06T12:29:00Z,2025-02-28T19:18:39Z,C++
fastsub,pigeonboys/fastsub,"A blazing-fast, Redis-powered subscription service for instant, cached access across projects.",2025-02-05T17:50:18Z,2025-02-11T11:25:53Z,PHP
fast-web,WafiWadud/fast-web,Example page with all the things you need to make your website blazingly fast! ,2025-02-05T15:16:35Z,2025-02-05T15:24:49Z,HTML
AugmentCore,OneLiteFeatherNET/AugmentCore,AugmentCore is a blazing fast data logging and anti-griefing tool for Minecraft servers based on core protect source code.,2025-02-05T09:25:34Z,2025-02-26T05:22:02Z,Java
vitest-playground,SallamRady/vitest-playground,"A hands-on repository for learning and experimenting with Vitest, a blazing-fast testing framework for JavaScript and TypeScript. This repo covers unit tests, integration tests, and best practices for modern testing.",2025-02-05T08:08:07Z,2025-02-06T07:31:25Z,TypeScript
Compile-Hub,Pushkaraj-Palli/Compile-Hub," CompileHub  Your All-in-One Online Compiler!   Write, compile, and run C, C++, Java, Python, and JavaScript effortlessly! Built with React.js, Node.js, Express.js, and MongoDB, CompileHub offers blazing-fast execution, real-time error handling, and a sleek, intuitive UI.   Code. Compile. Run. Repeat. ",2025-02-04T19:05:19Z,2025-02-13T18:37:18Z,JavaScript
cool-app,DMZTdhruv/cool-app,Cloned from DMZTdhruv/blazing-fast-react-template,2025-02-04T15:26:19Z,2025-02-04T15:26:47Z,CSS
fastxlsx,shuangluoxss/fastxlsx,"A lightweight, high-performance Python library for blazing-fast XLSX I/O operations.",2025-02-04T03:12:51Z,2025-02-04T08:46:29Z,Rust
rfn,m4rn-progs/rfn,rfn (Right Fuckin' Now) - A Simple and Blazingly Fast Text Editor Written in Rust,2025-02-04T02:27:06Z,2025-02-20T13:36:08Z,Rust
rnvm,oleksandr-zhyhalo/rnvm,"A blazingly fast Node.js version manager written in Rust. Simple, reliable, and cross-platform.",2025-02-03T13:27:36Z,2025-02-03T14:47:25Z,Rust
WS2,RohanCyberOps/WS2,"Welcome to WS2, a cutting-edge web application built with Vite, React, and TypeScript. This project serves as a blazing-fast, scalable foundation for crafting dynamic and feature-rich websites. Whether you're building a simple portfolio or a complex web app, WS2 will help you get started in style.",2025-02-03T12:39:40Z,2025-02-27T12:28:46Z,TypeScript
WS1,RohanCyberOps/WS1,"WS1 is a modern web application built with Vite, React, and TypeScript. It offers a fast and efficient development experience with blazing-fast hot module replacement (HMR).",2025-02-03T12:35:24Z,2025-02-27T12:18:23Z,TypeScript
sachnaror.github.io,sachnaror/sachnaror.github.io,"EXPERIMENT : A blazing-fast, Markdown-powered blog built with Pelican & Python . No databases, no nonsensejust pure static awesomeness hosted on GitHub Pages. Fast, lightweight, and crafted with humor & caffeine . Read, rant, repeat! ",2025-02-02T21:28:58Z,2025-02-02T22:16:24Z,HTML
annoying-students-blazingly-fast-solution,Kivooeo/annoying-students-blazingly-fast-solution,,2025-02-02T21:02:04Z,2025-02-02T21:27:11Z,Rust
notlink-ui,abdibrokhim/notlink-ui,this is notlink - a blazingly fast url shortener ever built with rust programming language,2025-02-02T19:29:18Z,2025-02-24T06:33:52Z,TypeScript
killa,rszyma/killa,Blazing fast process monitor for Linux (X and Wayland),2025-02-02T01:46:18Z,2025-02-14T20:34:51Z,Rust
notlink,abdibrokhim/notlink,this is notlink - a blazingly fast url shortener ever built with rust programming language,2025-02-01T22:34:23Z,2025-02-27T22:12:10Z,Rust
fzf.nvim,askerdev/fzf.nvim,Blazingly fast and lightweight fuzzy finder for Neovim,2025-02-01T13:29:37Z,2025-02-01T15:43:02Z,Lua
blazingly-fast,gurshaan17/blazingly-fast,,2025-02-01T08:56:15Z,2025-02-07T04:08:47Z,Rust
url-shortener,StarLord824/url-shortener,a blazingly fast url shortener with a Rust based backend,2025-02-01T06:40:49Z,2025-02-01T09:08:45Z,Rust
count_locs.go,alanrsoares/count_locs.go,"Blazing-fast CLI tool to count lines of code with glob pattern support, built in Go ",2025-02-01T00:32:06Z,2025-02-01T23:12:52Z,Go
XinterV3,Mohammedabdelkafi/XinterV3,A New More optimised version of XinterV3 Made in C# with blazingly fast runtime,2025-01-31T21:54:11Z,2025-02-03T11:08:58Z,C#
NestJS-Template,ahmed-mkacher/NestJS-Template,"A minimalist, blazing-fast NestJS backend starter with Fastify, SWC, Vitest, and pnpm. Preconfigured for speed-first development.",2025-01-31T18:12:03Z,2025-02-01T01:03:18Z,TypeScript
Blazingly-Fast-Submission,Yashfeen-Fatima/Blazingly-Fast-Submission,,2025-01-31T17:44:54Z,2025-02-03T15:32:53Z,Rust
blazingly_fast_url_shortener,s3r1msultan/blazingly_fast_url_shortener,A Rust URL shortener,2025-01-31T14:52:06Z,2025-02-03T20:14:17Z,Rust
snappyr,yash-srivastava19/snappyr,Setup Python Projects Blazingly Fast. No External Dependencies,2025-01-30T19:25:03Z,2025-01-31T10:46:24Z,Python
inference-engine,yashp5/inference-engine,Blazingly fast LLM Inference Engine,2025-01-30T18:24:45Z,2025-02-22T22:01:16Z,C++
tadoku,Eroge-Abyss/tadoku,Blazingly fast VN tracker built with Tauri(Rust) and Svelte.,2025-01-30T16:06:37Z,2025-03-01T05:15:55Z,Svelte
binary-codec,Inplex-sys/binary-codec,A blazing-fast declarative parser & encoder for binary data,2025-01-30T09:53:38Z,2025-02-10T19:08:37Z,TypeScript
argus-rs,Jon-Becker/argus-rs,"Argus is a minimal, blazing fast contract storage introspection tool written in rust.",2025-01-30T00:09:03Z,2025-01-30T00:40:36Z,Rust
recon,melonSorbet/recon,"Api Testing Application like Postman, Hoppscotch only blazingly fast",2025-01-29T22:46:16Z,2025-02-05T00:53:45Z,
AIrWave,DanielWill-Baggs/AIrWave,"AIrWave is a cutting-edge, voice-powered AI application designed for seamless real-time communication and interaction. Leveraging the blazing-fast performance of Groq, AIrWave combines advanced speech recognition and text generation to deliver instant, natural conversations.",2025-01-29T01:30:09Z,2025-01-30T22:53:12Z,TypeScript
crawler,athkdev/crawler,blazingly fast web crawler written in Java,2025-01-29T00:16:53Z,2025-01-29T00:17:48Z,Java
Panthercode,AnishCodes640/Panthercode,"""Welcome to the  Panther Programming Language!  A powerful, versatile language for developers in  web,  system programming,  data science,  mobile apps,  game development, and  AI/ML.  Cross-platform, blazing fast, and developer-friendly! """,2025-01-28T09:12:57Z,2025-01-28T09:19:55Z,
matrix,ComicalCache/matrix,Blazingly fast  matrix-esque number rain,2025-01-27T17:49:31Z,2025-02-05T18:38:52Z,Rust
personal-portfolio,zhkir29/personal-portfolio," A modern and responsive portfolio website built using Vite, Tailwind CSS, and JavaScript.   Features:  Blazing-fast development and build process powered by Vite.  Fully responsive and customizable UI with Tailwind CSS.  Modular and clean code structure for easy maintenance and scalability.  Optimized for SEO and performance.",2025-01-27T10:42:33Z,2025-01-27T12:22:18Z,JavaScript
next-js-work-sample,rachit-patel-dev/next-js-work-sample," Next.js Work Samples  A collection of projects demonstrating my knack for building blazing-fast, SEO-friendly React apps with Next.js. Dive in and explore! ",2025-01-27T06:06:22Z,2025-01-27T06:45:56Z,TypeScript
fast_ipod_dumper,drakeerv/fast_ipod_dumper,Dump the songs off of a Ipod blazingly fast!,2025-01-27T00:37:36Z,2025-01-27T00:48:33Z,Rust
XinterV2,Mohammedabdelkafi/XinterV2,A more optimized and Overall better Interpreter than The original Xinterpreter with more features and Blazingly fast runtime.,2025-01-26T19:31:13Z,2025-02-09T16:25:15Z,JavaScript
vxinstagram,Reishimanfr/vxinstagram,Blazing fast embedder for instagram posts,2025-01-26T18:22:20Z,2025-02-28T15:07:09Z,Go
notlong-ui,CapuchaRojo/notlong-ui,blazingly fast url shortener ever,2025-01-26T17:13:29Z,2025-01-26T17:04:51Z,
Few-Steps-Terminal-Setup,kunalyadavaa/Few-Steps-Terminal-Setup," A one-liner to install Starship, the blazing-fast, infinitely customizable shell prompt, using Snap.",2025-01-26T13:16:50Z,2025-01-27T13:39:22Z,
boil.nvim,arkochan/boil.nvim,Create highly customized boilerplate files Blazingly Fast! ,2025-01-26T02:22:10Z,2025-02-04T18:08:05Z,Lua
prefrontal,axar-ai/prefrontal,"Blazing fast text classifier for real-time agent routing, built in Rust",2025-01-25T17:59:41Z,2025-01-28T16:55:36Z,Rust
GET,madame-president/GET,"Blazingly-fast Bitcoin ""statements"" on your current holdings and historical transactions sent directly to your email",2025-01-25T01:42:36Z,2025-01-25T02:13:41Z,Python
fnconf-2025-directory-traversal,composewell/fnconf-2025-directory-traversal,Blazing fast directory traversal,2025-01-24T06:18:44Z,2025-01-25T11:19:48Z,TeX
portfolio,francisamidu/portfolio,"Welcome to my portfolio! I'm Francis, a frontend developer specializing in building blazing-fast, ultra-reliable web applications. ",2025-01-24T05:35:22Z,2025-01-24T17:55:09Z,TypeScript
PocketFetch,Pr0ngleDev/PocketFetch,A tiny and blazingly-fast fetch program written in nim,2025-01-23T22:43:36Z,2025-02-03T21:40:55Z,Nim
count_locs.rs,alanrsoares/count_locs.rs,"Blazing-fast CLI tool to count lines of code with glob pattern support, built in Rust .",2025-01-23T01:16:24Z,2025-01-30T00:21:54Z,Rust
Portfolio,Shrrvuuraj/Portfolio,"""Welcome to my portfolio! Built with Vite for blazing-fast performance, this portfolio showcases my projects, skills, and passion for web development. Explore my journey as a developer through interactive features and modern design, all crafted with pure vanilla JavaScript, HTML, and CSS.""",2025-01-22T19:59:21Z,2025-01-22T20:18:14Z,JavaScript
DEEP-Z,CHIBUZOR-1/DEEP-Z,"DEEP-Z is a powerful and modern blog application built using the MERN stack (MongoDB, Express, React, Node.js) and Vite.js for blazing-fast development. This project aims to provide a seamless and efficient blogging platform with features like user authentication, rich text editing, and responsive design.",2025-01-22T14:13:47Z,2025-02-09T19:56:05Z,JavaScript
Tobese,toxicodryas/Tobese,"Blazing-fast (50 average load speed) Go web server for hosting and serving random fugly photos of my cat, Tobi (aka Tobese). Uses a lightweight HTTP handler to serve static images with minimal latency. Built for speed, cursed for content.",2025-01-22T08:12:57Z,2025-01-22T14:20:53Z,Go
expo-image-filter-ios,EkaanshArora/expo-image-filter-ios,"Apply filters to images in React Native with expo-image, uses the native shared image object for blazingly fast performance",2025-01-21T17:25:15Z,2025-02-19T09:59:55Z,TypeScript
noob,Hurka5/noob,NoOb (No Obscenity) is a blazingly fast profanity filtering library designed to help developers maintain clean and respectful environments in their applications.,2025-01-20T10:53:30Z,2025-01-20T18:35:11Z,Go
url-shortener-go,gabrielmajosi/url-shortener-go,Minimal and blazingly fast URL shortener written in Go + Svelte.,2025-01-20T04:49:40Z,2025-01-21T00:10:04Z,Svelte
FlashSpace,wojciech-kulik/FlashSpace,FlashSpace is a blazingly fast virtual workspace manager for macOS ,2025-01-19T21:25:42Z,2025-02-23T00:44:50Z,Swift
north-chat,sahilsh-dev/north-chat,Chat with your friends with blazing fast speed!,2025-01-19T17:26:54Z,2025-02-23T18:09:15Z,JavaScript
nu11,dimalmfao/nu11,"Blockchain powered by C, making it blazing fast. Don't use it.",2025-01-19T17:20:27Z,2025-01-19T17:20:28Z,
phoenix.nvim,nvimdev/phoenix.nvim,A blazing-fast asynchronous in-process server providing word and path completion.,2025-01-19T12:20:59Z,2025-02-05T04:23:03Z,Lua
ZapPulse,Naveenravi07/ZapPulse,A TUI based blazingly fast websocket client ,2025-01-18T17:51:00Z,2025-01-28T18:32:36Z,Rust
LiteMart,indrajithc/LiteMart,"LiteMart is a high-performance e-commerce application framework crafted for blazing-fast web experiences. It is built with a focus on minimalism, pure JavaScript for component-based architecture, and a lightweight design to deliver exceptional mobile performance.",2025-01-18T11:30:18Z,2025-01-18T18:38:00Z,JavaScript
Blog_using_hono,konhito/Blog_using_hono,"A lightweight and blazing-fast personal blog built with Hono, a minimalistic web framework. This project showcases a clean, modern design and efficient server-side rendering. Perfect for sharing thoughts, experiences, or technical content. Simple, fast, and easy to deploy!",2025-01-17T06:27:40Z,2025-01-21T02:04:12Z,TypeScript
pls,mistrmochov/pls,"pls, Cli downloader written in blazingly fast rust!",2025-01-16T19:43:17Z,2025-02-18T19:24:40Z,Rust
brainfuck-jit-compiler,jla2000/brainfuck-jit-compiler,"Zero dependency, blazingly fast brainfuck JIT compiler, written in Zig.",2025-01-16T14:58:57Z,2025-01-22T13:13:02Z,Zig
CSV.js,afzalimdad9/CSV.js,"A simple, blazing-fast CSV parser and encoder. Full RFC 4180 compliance.",2025-01-15T18:57:31Z,2025-01-19T16:28:42Z,JavaScript
awesomewm-cursor-teleport,lpanebr/awesomewm-cursor-teleport,A blazingly fast keyboard cursor positioning plugin that uses a fixed and predictable grid making it easy to develop muscle memory.,2025-01-15T11:53:20Z,2025-02-04T02:56:38Z,Lua
stats-cards,ilyhalight/stats-cards, Blazing fast stats cards for everything,2025-01-15T10:36:03Z,2025-02-20T22:52:43Z,Rust
pryfixer,itssimmons/pryfixer,2KB python script that rename all your files and blazing fast in one sentence ,2025-01-15T00:50:32Z,2025-02-13T23:16:41Z,Python
actioneer,thomaschaplin/actioneer," Actioneer is a lightweight, blazing-fast GitHub Actions clone built in Go",2025-01-14T21:53:26Z,2025-02-12T22:26:38Z,Go
laughing-guide,asifrahaman13/laughing-guide,"A blazing-fast HR payroll system designed to deal with simplicity as well as blazing-fast speed. The application is capable of handling thousands of files concurrently, making it extremely efficient for the HR payroll system.",2025-01-14T05:04:05Z,2025-02-18T05:13:22Z,TypeScript
storb-rs,fr34kcoders/storb-rs,Storb but even more blazingly fast,2025-01-13T14:42:42Z,2025-03-01T08:35:43Z,Rust
timefold,jarvispact/timefold,"A blazingly fast, ecs powered game engine for the web",2025-01-12T07:48:35Z,2025-02-11T20:16:04Z,TypeScript
Budgetor,Septimis/Budgetor,A program to help organize and track personal/family finance served to multiple front-end solutions through a blazingly fast backend,2025-01-10T22:37:15Z,2025-02-01T17:38:41Z,
justified-layout,immich-app/justified-layout,"A blazingly fast implementation of justified layout, a gallery view popularized by Flickr, written in rust and exported to WASM.",2025-01-10T02:11:48Z,2025-02-27T14:28:02Z,Rust
fast_eda,UBC-MDS/fast_eda,"A blazingly fast, lightweight tool designed to simplify the initial stages of exploratory data analysis (EDA)",2025-01-08T22:52:05Z,2025-02-01T20:40:26Z,Python
chiya,rootkill-g/chiya,A Blazing Fast Web Framework ,2025-01-07T09:10:55Z,2025-02-06T13:42:29Z,Rust
VoteSafe,drunisa007/VoteSafe,"Blazingly Fast, Memory-Safe, Secure Voting System written in Rust",2025-01-06T03:44:52Z,2025-02-09T11:11:23Z,Rust
json-parser,RiadhAdrani/json-parser, A blazingly fast JSON parser using the blazingly fast c language,2025-01-04T20:49:56Z,2025-02-04T08:03:39Z,C
fvp-unpacker,Nikaidou-Shinku/fvp-unpacker,A blazing fast tool to unpack FVP archive.,2025-01-04T18:29:12Z,2025-01-24T13:41:24Z,Rust
boilrs,smit4k/boilrs,A blazingly fast  CLI program made in Rust to generate boilerplate code for programming languages,2025-01-03T04:47:18Z,2025-01-27T02:13:29Z,Rust
graphyr,minus1ms/graphyr,Blazingly fast tool for table-organized schema drawing with layers and history,2025-01-02T21:09:40Z,2025-02-20T20:18:53Z,Rust
llm-tournament,lavantien/llm-tournament,Simple and blazingly fast dynamic evaluation platform for benchmarking Large Language Models,2025-01-01T20:30:10Z,2025-03-01T07:39:28Z,Go
FastAF,Raimo33/FastAF,Fast Arbitrage Finder. blazingly fast triangular arbitrage bot interacting with Binance via the FIX protocol,2024-12-29T15:46:06Z,2025-02-25T17:10:21Z,C
rs_rand_art,Atan-D-RP4/rs_rand_art,Blazingly Fast Random Art Generator based on Hash Visualisation,2024-12-29T14:55:16Z,2025-01-20T15:25:53Z,Rust
fetch,j0shua-daniel/fetch,A blazing fast bash fetch!,2024-12-28T14:02:32Z,2025-02-07T17:02:07Z,Shell
koimi,importantimport/koimi," Sweet, Powerful, Blazing-fast Blog Meta-framework.",2024-12-28T05:52:48Z,2025-01-21T08:59:18Z,Astro
lunos,LunosRS/lunos,An blazingly fast JavaScript runtime written in Rust,2024-12-28T03:29:39Z,2025-02-02T07:03:46Z,Rust
Dash,Deep-Kumawat/Dash,A language that is blazingly fast (but isn't right now ;),2024-12-26T22:45:39Z,2025-02-26T17:32:19Z,C++
BlazingBoard,wdroz/BlazingBoard,Blazing fast typing exercises online,2024-12-26T16:32:41Z,2025-02-23T14:53:06Z,Rust
poorkid,emo-eth/poorkid,"Blazingly-fast chord-generating virtual MIDI instrument, inspired by Telepathic Instruments' Orchid.",2024-12-24T22:54:57Z,2025-01-23T18:29:36Z,Rust
asahiClock,Rdkang/asahiClock,"Timer and stopwach app that is keyboard centric, blazing fast and easy to operate",2024-12-24T00:17:05Z,2025-01-27T23:38:54Z,Python
v4.20,cesswhite/v4.20,"Minimal, blazing fast, and designed with developers in mind, v4.20 is your go-to starting point for modern web projects with Nuxt",2024-12-21T23:10:05Z,2025-02-13T01:21:44Z,Vue
Astra,ArkForgeLabs/Astra, Blazingly Fast  web server runtime for Lua,2024-12-21T08:17:31Z,2025-02-13T20:06:57Z,Lua
349Bot,Fyphen1223/349Bot,349Bot is a blazing-fast C++ based Discord music bot.,2024-12-20T02:06:19Z,2025-03-01T07:51:25Z,C++
vm-mgr,j0shua-daniel/vm-mgr,"Blazing fast VM manager, that just works.",2024-12-18T08:49:20Z,2025-02-07T16:59:50Z,Shell
flash,rrronit/flash,"Blazingly fast, secure code execution engine for multiple programming languages",2024-12-14T21:01:56Z,2025-02-25T19:09:52Z,Rust
Labs,Barbarpotato/Labs,The Static Site Generation (SSG) Page for my labs article content. To ensures that users receive a blazing-fast experience with SEO-friendly pre-rendered pages,2024-12-14T00:37:28Z,2025-02-24T12:35:12Z,JavaScript
Ember,Neetify0/Ember,"Lightweight, blazing fast, and sleek game site!",2024-12-12T22:36:43Z,2025-02-22T18:06:33Z,JavaScript
FastDeno,m-nt/FastDeno,A tiny lightweight web framework for deno. trying to be blazingly fast :D,2024-12-12T10:34:34Z,2025-02-15T18:42:40Z,TypeScript
rustor,Evren-os/rustor,A blazing fast fetch tool written in Rust,2024-12-12T06:42:11Z,2025-02-27T19:24:49Z,Rust
goactors,khulnasoft/goactors,"GoActors  A blazingly fast, lightweight, and highly scalable actor-based concurrency engine written in Golang. ",2024-12-08T21:42:05Z,2025-02-27T22:17:07Z,Go
aber,Amchik/aber, Blazingly fast language with high-level abstractions and i ,2024-12-06T20:23:02Z,2025-02-17T17:02:32Z,Rust
BlazeFL,kitsuya0828/BlazeFL,A blazing-fast and lightweight simulation framework for Federated Learning.,2024-12-06T04:05:56Z,2025-02-14T15:20:42Z,Python
altaria,SrGaabriel/altaria," |  Altaria is an asynchronous, memory-safe, lightweight and blazingly fast http server framework written in Rust",2024-12-03T21:48:16Z,2025-02-25T15:38:21Z,Rust
nano-og,opensass/nano-og, A Blazingly Fast  AI-powered Open Graph Image Generator,2024-12-03T13:42:20Z,2025-02-24T11:56:35Z,Rust
Electro,pTinosq/Electro,"Electro is a blazingly fast image viewer built with Rust, featuring an integrated terminal for enhanced productivity.",2024-12-01T18:47:15Z,2025-02-28T18:29:02Z,TypeScript
polars-bio,biodatageeks/polars-bio,Blazing-Fast Bioinformatic Operations on Python DataFrames,2024-11-26T16:58:18Z,2025-02-28T18:33:35Z,Python
raycast-todo-buddy,yuichkun/raycast-todo-buddy,A blazing fast todo list for Raycast,2024-11-24T14:27:24Z,2025-02-13T09:24:50Z,TypeScript
ByteNet-Max,Elitriare/ByteNet-Max,"An upgraded version of ByteNet by ffrostfall that includes queries (RemoteFunctions), using buffers to send data with low memory, optimising experiences to be blazing fast!",2024-11-22T23:42:34Z,2025-02-15T03:32:50Z,Lua
katsini,arisecode/katsini," A blazing-fast, lightweight, and user-friendly tool built with Go for retrieving app information from major app stores.",2024-11-20T00:09:00Z,2025-02-27T07:16:37Z,Go
BFTML,npetrangelo/BFTML,Blazingly Fast Text Markup Language. Standards designed for web apps. Browser implementation in Rust.,2024-11-19T05:43:01Z,2025-02-19T07:36:24Z,Rust
gograb,AndrewBlackwell/gograb,"Blazing-fast concurrent downloader with bandwidth rate limiting, resumable downloads, and custom headers for API security.",2024-11-18T04:11:12Z,2025-01-22T01:47:57Z,Go
.nvim,khoido2003/.nvim,Blazingly fast and beautiful Neovim config,2024-11-15T16:12:04Z,2025-02-28T17:21:46Z,Lua
Fluent,fluent-lang/Fluent,Blazing-fast programming language that aims to make programming simple.,2024-11-13T03:56:50Z,2025-02-28T22:20:34Z,Go
prompts,reliverse/prompts,"@reliverse/prompts  The CLI prompt library you didnt realize youve been desperate for.  Its blazing-fast, type-safe, and has built-in crash resilienceso your command-line app can look slick without bursting into flames. Forget boilerplate-heavy setupsthis library makes CLI development smooth and effortless.",2024-11-04T00:57:36Z,2025-02-04T23:45:29Z,TypeScript
skeletor,jasonnathan/skeletor,A blazing-fast Rust scaffolding tool for structured project generation and snapshots.,2024-11-03T14:56:03Z,2025-02-22T15:51:15Z,Rust
neovim,valmnt/neovim,"my blazing-fast, minimalist, and highly unstable neovim setupoptimized for speed, designed for chaos ",2024-11-02T10:36:40Z,2025-02-24T17:14:47Z,Lua
randalloc,portasynthinca3/randalloc,Blazing fast and memory safe malloc implementation using rand.,2024-11-01T00:03:54Z,2025-01-24T14:07:06Z,C
quarkus-fury,quarkiverse/quarkus-fury,A blazingly fast multi-language serialization framework powered by JIT and zero-copy.,2024-10-31T12:13:56Z,2025-02-26T13:50:25Z,Java
neohtop,Abdenasser/neohtop," Blazing-fast system monitoring for your desktop (built with Rust, Tauri & Svelte)",2024-10-30T20:44:11Z,2025-02-26T18:20:08Z,Svelte
rhb,ayn2op/rhb,Blazing fast Homebrew CLI,2024-10-30T02:48:09Z,2025-02-16T18:29:15Z,Rust
trailbase,trailbaseio/trailbase,"A blazingly fast, open-source application server with type-safe APIs, built-in JS/ES6/TS runtime, realtime, auth, and admin UI built on Rust, SQLite & V8. ",2024-10-29T09:39:33Z,2025-02-28T23:12:37Z,Rust
qiqstr,untreu2/qiqstr,Blazingly fast Nostr client for iOS & Android built with Flutter,2024-10-25T23:49:13Z,2025-03-01T03:41:41Z,Dart
stormint,Confucian-e/stormint,A blazing fast crate that supports multi-account minting of FreeMint tokens,2024-10-24T09:26:18Z,2025-02-09T14:48:00Z,Rust
maalik.dev,MalikBagwala/maalik.dev,My personal blazing fast website built using Remix :),2024-10-22T08:43:26Z,2025-02-11T11:54:28Z,TypeScript
streamit,devvMuhammad/streamit,Blazingly Fast Live Streaming Application made with SvelteKit + Golang,2024-10-21T08:10:50Z,2025-01-23T16:02:55Z,Svelte
moonbyte.at,m00nbyte/moonbyte.at,"Blazing fast static website built with TypeScript, TailwindCSS, and Rollup.",2024-10-20T15:33:41Z,2025-02-17T22:00:38Z,HTML
zendriver,stephanlensky/zendriver,"A blazing fast, async-first, undetectable webscraping/web automation framework based on ultrafunkamsterdam/nodriver. Now with Docker support!",2024-10-19T22:12:23Z,2025-02-17T01:50:08Z,Python
duohub-py,duohub-ai/duohub-py,"Blazing fast graph RAG service, specifically designed to deliver context to voice AI and other low latency applications in under 50 ms",2024-10-18T16:06:02Z,2025-01-19T10:36:33Z,Python
dex-mev-arbitrage-bot,solguru310/dex-mev-arbitrage-bot,"Dex MEV Arbitrage Bot: A blazing-fast MEV Arbitrage Bot built with Rust is now available as open-source, offering valuable insight into MEV strategies for aspiring developers.",2024-10-14T19:25:25Z,2025-02-04T12:38:38Z,Rust
ViewTurbo,ViewTurbo/ViewTurbo,"A Blazing Fast VPN, Beautifully Designed, Stable & Easy-to-Use | VPN",2024-10-12T01:47:54Z,2025-02-28T04:09:38Z,
InterviewPrep,lovin123/InterviewPrep,"Developed a interview preparation app for aspiring software developers. The app leverages AI, specifically the Mistral language model, to provide personalized feedback on users' responses. Built with Next.js for blazing- fast performance and Prisma as the ORM for efficient database management.",2024-10-06T10:31:19Z,2025-02-11T15:58:41Z,TypeScript
rinha-with-js-2023,davidalecrim1/rinha-with-js-2023,"Blazing-fast REST API in Node (also Deno) for Rinha de Backend a high-performance challenge where APIs handle intense loads with just 1.5 CPU cores & 3GB RAM. Showcases clean architecture, efficient DB handling, and production-ready practices under heavy concurrency.",2024-10-05T01:28:59Z,2025-02-12T13:49:20Z,JavaScript
eldarcpp,kerighan/eldarcpp,A blazing fast search engine with Python bindings written in C++,2024-09-17T08:26:29Z,2025-01-29T10:50:45Z,C++
minigun,ProRedCat/minigun,"Minigun is a webapp built on Raygun's API V3 endpoints, designed for blazingly fast load times and smooth data access to your crash and rum data.",2024-09-13T03:20:02Z,2025-02-27T02:06:51Z,HTML
nvim,nicosalm/nvim,"minimal config, blazingly fast",2024-09-12T15:04:04Z,2025-02-21T17:46:05Z,Lua
mangoloader,Sakooooo/mangoloader,Selfhosted Manga Downloader but it's  BLAZING FAST ,2024-09-03T14:51:43Z,2025-02-18T12:02:17Z,Rust
rinha-with-go-2023,davidalecrim1/rinha-with-go-2023,"Blazing-fast REST API in Go for Rinha de Backend Q3 2023a high-performance challenge where APIs handle intense loads with just 1.5 CPU cores & 3GB RAM. Showcases clean architecture, efficient DB handling, and production-ready Go practices under heavy concurrency.",2024-08-31T11:09:32Z,2025-02-12T13:49:25Z,Go
dotzilla,antonio-leitao/dotzilla,"Blazingly fast dot product in rust. Does one thing, does it well",2024-08-29T14:56:54Z,2025-01-22T17:28:43Z,Rust
voxel,Aern-do/voxel, Blazingly fast voxel game engine written in Rust,2024-08-29T08:38:05Z,2025-02-12T10:02:48Z,Rust
fasteejs,pouchlabs/fasteejs,fasteejs blazing fast web application framework,2024-08-24T15:50:18Z,2025-02-23T16:56:51Z,JavaScript
sourcebot,sourcebot-dev/sourcebot,"Blazingly fast code search   Deployed as a single Docker image  Search million+ lines of code in your GitHub, GitLab, Gitea, and Gerrit repositories  MIT licensed ",2024-08-23T20:40:37Z,2025-03-01T05:28:38Z,TypeScript
dotfiles,rmenai/dotfiles,My dotfiles for blazing fast development,2024-08-20T11:01:21Z,2025-03-01T02:12:24Z,Lua
catboost-cgo,mirecl/catboost-cgo,"CatBoost a fast, scalable, high performance Gradient Boosting on Decision Trees library. Golang using Cgo for blazing fast inference CatBoost Model ",2024-08-13T15:53:52Z,2025-02-28T11:59:38Z,C
in-memory-azure-test-sdk,spotflow-io/in-memory-azure-test-sdk,"Drop-in fakes of Azure .NET SDKs to make your tests runnable locally, without real infrastructure, blazing-fast and reliable.",2024-08-09T13:40:48Z,2025-02-26T14:03:59Z,C#
toolkit,jux-io/toolkit,"Jux toolkit is a collection of tools for blazingly fast, rapid UI development ",2024-08-07T21:35:02Z,2025-02-14T22:33:51Z,TypeScript
hounddog,hounddogai/hounddog,Blazingly fast source code scanner for data security and privacy.,2024-08-01T10:25:14Z,2025-02-25T01:13:17Z,Shell
portfolio,TheSaviourEking/portfolio,"Welcome to my digital showcase! This personal portfolio website is a testament to my skills in modern web development, built from the ground up using Next.js and React. It leverages the power of server-side rendering and static site generation to deliver a blazing-fast, SEO-friendly experience. ",2024-07-21T02:34:36Z,2025-02-22T14:21:55Z,TypeScript
nitrrine.github.io,Nitrrine/nitrrine.github.io,My blazingly fast personal website,2024-07-14T10:22:09Z,2025-01-20T12:31:18Z,Astro
eambfc-rs,eliminmax/eambfc-rs, Eli Array Minkoff's BFC (Blazingly Fast Edition),2024-07-13T17:09:29Z,2025-02-23T23:48:15Z,Rust
hyprpaper,OpenMandrivaAssociation/hyprpaper,Blazing fast wayland wallpaper utility with IPC controls,2024-07-06T13:27:56Z,2025-02-03T15:49:27Z,
blazed.js,BlazeInferno64/blazed.js,"Blazing-fast, light weight, high-performance, promise-based HTTP client",2024-07-03T13:24:41Z,2025-02-08T16:08:55Z,JavaScript
bingus-blog,slonkazoid/bingus-blog,blazingly fast markdown blog software written in rust memory safe. Mirror of https://git.slonk.ing/slonk/bingus-blog,2024-07-03T11:36:55Z,2025-01-30T18:30:20Z,Rust
foxi-astro-theme,oxygenna-themes/foxi-astro-theme,"Foxi is an Astro theme crafted with Tailwind CSS, designed for blazing-fast performance and seamless user experience. Perfect for creating modern, responsive SaaS websites with minimal effort.",2024-07-01T13:17:06Z,2025-02-28T07:11:26Z,Astro
rbuilder,flashbots/rbuilder,"rbuilder is a blazingly fast, state of the art Ethereum MEV-Boost block builder written in Rust",2024-07-01T07:26:00Z,2025-03-01T03:20:43Z,Rust
unplugin-isolated-decl,unplugin/unplugin-isolated-decl, A blazing-fast tool for generating isolated declarations.,2024-06-25T12:12:48Z,2025-02-24T10:08:47Z,TypeScript
seismic-foundry,SeismicSystems/seismic-foundry,"Seismic Foundry is a fork of Foundry: a blazing fast, portable and modular toolkit for Ethereum application development written in Rust",2024-06-18T15:38:56Z,2025-02-26T22:21:11Z,Rust
hazmat,jeebuscrossaint/hazmat,A blazingly fast and tiny password manager in C99,2024-06-13T01:17:16Z,2025-01-24T17:57:34Z,C
lines,Moderrek/lines,Blazingly FAST concurrent line of code counter created in GO,2024-06-08T14:40:26Z,2025-02-19T11:29:31Z,Go
vk-gltf-viewer,stripe2933/vk-gltf-viewer,Blazingly fast Vulkan glTF Viewer,2024-06-05T16:11:33Z,2025-02-28T12:43:26Z,C++
hyperindex,enviodev/hyperindex, Blazing-fast multi-chain indexer,2024-05-24T08:52:11Z,2025-02-28T15:09:26Z,ReScript
archive_me_plz,MrDwarf7/archive_me_plz,"BLAZINGLY  FAST  archiving, written in Rust ",2024-05-24T08:21:56Z,2025-01-31T09:03:23Z,Rust
xx11,denghe/xx11,blazing fast 2d game engine base on c++20 coroutine & dx11,2024-05-22T07:29:00Z,2025-02-08T10:16:09Z,C++
sap,MOZGIII/sap,Opinionated HTTP server for hosting static files of Single Page Apps from memory with blazing fast speeds,2024-05-20T05:50:38Z,2025-02-24T23:27:42Z,Rust
KMLightSpigotFree,radek203/KMLightSpigotFree,Minecraft blazing fast 1.8.x limbo server,2024-05-11T10:52:51Z,2025-02-28T23:14:56Z,Java
vortex,VortexSdk/vortex,Blazingly fast std for C++,2024-05-10T17:57:46Z,2025-02-01T14:36:22Z,C++
eigen-db,Eigen-DB/eigen-db,The blazingly fast in-memory vector database ,2024-05-07T20:38:55Z,2025-02-24T00:19:42Z,C++
ripmors,qsantos/ripmors,Blazingly fast Morse code encoding/decoding,2024-05-06T20:29:21Z,2025-02-23T21:11:37Z,Rust
rollup-plugin-fast-typescript,Septh/rollup-plugin-fast-typescript,"A Rollup plugin that uses esbuild, swc or sucrase (you decide!) for blazing fast TypeScript transpilation.",2024-05-04T03:17:01Z,2025-02-22T17:22:33Z,TypeScript
FlashHash,vojtechgadurek/FlashHash,Blazingly fast hashing functions from ulong to ulong. ,2024-05-02T11:43:18Z,2025-01-27T16:00:58Z,C#
Fast-Chat,sayan10rakshit/Fast-Chat,A blazing fast AI chat assistant.,2024-04-29T12:52:49Z,2025-01-27T12:28:05Z,Python
flutter_bunny_cli,demola234/flutter_bunny_cli, Lightweight Cli tool for generating flutter projects blazingly fast ,2024-04-27T05:16:14Z,2025-02-28T05:46:35Z,Dart
hanoi-speedrapp,SpeckyYT/hanoi-speedrapp,Blazingly fast Tower of Hanoi speedrunning app,2024-04-24T18:53:30Z,2025-02-26T21:12:44Z,Rust
HoverFast,choosehappy/HoverFast,Blazing fast nuclei segmentation for brightfield Whole Slide Images,2024-04-24T15:25:21Z,2025-02-09T10:35:38Z,Jupyter Notebook
celerity,tanav-malhotra/celerity,The Blazing-Fast File Manager for Windows,2024-04-10T14:19:01Z,2025-01-27T18:50:11Z,Rust
xx,denghe/xx,blazing fast 2d game engine base on c++20 coroutine & opengl es3,2024-04-09T05:28:03Z,2025-02-24T16:57:23Z,C++
gossiphs,williamfzc/gossiphs,"""Zero setup"" & ""Blazingly fast"" general code file relationship analysis. With Python & Rust. Based on tree-sitter and git analysis.",2024-04-08T09:40:23Z,2025-01-28T06:26:37Z,Rust
chalkydri,chalkydri/chalkydri,A blazingly fast FRC vision system built from the ground up in Rust,2024-04-08T02:07:29Z,2025-03-01T05:21:40Z,Rust
Tsetlin.jl,BooBSD/Tsetlin.jl,"The Tsetlin Machine library, with zero external dependencies, performs blazingly fast.",2024-04-06T22:13:27Z,2025-02-13T17:51:56Z,Julia
acronym-lookup,mfurak/acronym-lookup,Blazingly fast CLI tool for looking up acronyms,2024-04-05T11:33:29Z,2025-02-23T14:32:02Z,Rust
pevm,risechain/pevm,Blazingly fast Parallel EVM,2024-04-05T03:15:02Z,2025-02-23T18:30:25Z,Rust
tikkin,tikk-in/tikkin,"Simple, headless, lightweight, and blazing fast URL shortener",2024-04-05T03:04:44Z,2025-02-24T18:34:42Z,Go
express_server,HelloblueAI/express_server,"Engineered to turbocharge API development! Packed with must-have middleware, utilities, and precision-grade monitoring tools, powerhouse for crafting secure, scalable, and blazingly fast processing. ",2024-04-03T06:11:07Z,2025-03-01T03:46:21Z,JavaScript
anti-spam-matrix,mokurin000/anti-spam-matrix,A Matrix Bot to ban spammers that runs blazingly fast ,2024-03-31T01:40:07Z,2025-02-25T05:28:43Z,Rust
user-info-logger,IntegerAlex/user-info-logger,"A Blazingly fast Client-side utility library for javascript that collects information about the user's IP address, geolocation, and system information.",2024-03-30T19:18:25Z,2025-02-22T14:10:25Z,TypeScript
spectrum,cooldogedev/spectrum,"Spectrum is a blazingly fast, lightweight, and easy to use Minecraft: Bedrock Edition proxy",2024-03-19T19:52:26Z,2025-02-28T23:50:46Z,Go
precizer,precizer/precizer,"precizer is a lightweight and blazing-fast command-line application designed for file integrity verification and comparison, making it particularly useful for checking synchronization results. The program recursively traverses directories, generating a database of files and their checksums for quick and efficient comparisons.",2024-03-09T17:28:07Z,2025-02-22T03:18:33Z,C
stud-ip-scraper,RedstoneMedia/stud-ip-scraper,A blazingly fast  library for interacting with Stud.IP  written in Rust ,2024-03-08T15:17:33Z,2025-02-27T23:52:35Z,Rust
cacheus,ogxd/cacheus,Blazingly fast and ultra-efficient multi-protocol read-through caching proxy.,2024-03-06T09:58:10Z,2025-02-09T23:34:58Z,Rust
dotfiles,RyukiDoesIt/dotfiles,dotfiles for blazing fast config,2024-03-03T07:39:04Z,2025-02-20T19:15:54Z,Shell
genius.nvim,archibate/genius.nvim,Blazing fast  code completion in NeoVim powered by  GPT-3.5-Turbo,2024-03-02T04:02:05Z,2025-02-23T06:03:21Z,Lua
days-since-blazingly-fast,ninpnin/days-since-blazingly-fast,,2024-02-28T22:05:33Z,2025-02-28T08:41:02Z,Python
mistral.rs,EricLBuehler/mistral.rs,Blazingly fast LLM inference.,2024-02-26T22:30:06Z,2025-03-01T01:29:29Z,Rust
VespaG,JSchlensok/VespaG,Expert-Guided Protein Language Models enable Accurate and Blazingly Fast Fitness Prediction,2024-02-25T19:55:29Z,2025-02-26T20:03:45Z,Python
nodriver,ultrafunkamsterdam/nodriver,"Successor of Undetected-Chromedriver. Providing a blazing fast framework for web automation, webscraping, bots and any other creative ideas which are normally hindered by annoying anti bot systems like Captcha / CloudFlare / Imperva / hCaptcha ",2024-02-20T12:19:28Z,2025-02-28T19:37:18Z,Python
bump2version,wiseaidev/bump2version, A blazingly fast CLI for managing version numbers in your projects.,2024-02-19T12:29:15Z,2025-02-10T02:22:02Z,Rust
cve-rs,Speykious/cve-rs,"Blazingly  fast  memory vulnerabilities, written in 100% safe Rust. ",2024-02-16T00:34:34Z,2025-01-28T18:23:48Z,Rust
blazingly_fast_rust_donut,Inc44/blazingly_fast_rust_donut,Blazingly Fast 3D ASCII Rust Spinning Donut  (2000+ FPS on a 5 year old CPU),2024-02-14T20:49:04Z,2025-03-01T07:11:17Z,Rust
url-manager,mohdjami/url-manager,Created a blazing fast url Manager with Nextjs,2024-02-07T16:23:25Z,2025-02-10T13:08:28Z,TypeScript
hypertext,vidhanio/hypertext,A blazing fast type-checked HTML macro crate.,2024-01-12T03:34:30Z,2025-02-09T20:45:17Z,Rust
popcorn-pluse-svelte,sujeetjaiswara/popcorn-pluse-svelte," Blazing-fast movie database demo with Svelte. Features: dynamic UI, API integration, popcorn-ready!",2024-01-10T20:13:50Z,2025-02-02T17:19:41Z,Svelte
naparajith,DrInfinite/naparajith,"My developer portfolio built with advanced web standards, optimised SEO and blazingly fast performance.",2023-12-27T10:19:58Z,2025-02-28T05:20:22Z,Astro
rindexer,joshstevens19/rindexer,A no-code or framework to build blazing fast EVM indexers - built in rust.,2023-12-26T23:24:26Z,2025-02-27T17:17:14Z,Rust
blazer,Narayanbhat166/blazer,A blazingly fast terminal type racer built with rust and ratatui,2023-12-06T20:44:15Z,2025-02-26T18:17:11Z,Rust
openlgen,phukon/openlgen,"Generate licenses for your projects right from your terminal, blazing fast!",2023-12-04T14:26:06Z,2025-01-25T18:52:15Z,TypeScript
nrr,ryanccn/nrr,"Minimal, blazing fast npm scripts runner",2023-11-17T12:00:42Z,2025-02-24T12:27:10Z,Rust
my-portfolio,cjanua/my-portfolio,blazingly fast portfolio,2023-11-15T03:40:16Z,2025-02-21T01:16:46Z,Python
rwalk,cestef/rwalk,A blazingly fast web directory scanner written in Rust,2023-11-08T00:23:36Z,2025-02-28T14:40:02Z,Rust
Pinterest.js,rit3zh/Pinterest.js,A versatile library that allows you to get information from Pinterest without any hassle and blazingly fast  ,2023-10-26T13:12:06Z,2025-02-15T20:38:15Z,TypeScript
fimbul-ts,fimbul-works/fimbul-ts,"Fimbul is a TypeScript library for elegant dependency resolution in computation graphs - powerful, minimal, and blazingly fast..",2023-10-25T19:56:26Z,2025-02-17T00:06:45Z,TypeScript
open95,walker84837/open95," Simple, blazingly fast and no nonsense Windows 95 key generator.",2023-10-21T12:56:41Z,2025-02-25T21:44:09Z,Rust
quotefault-backend,ComputerScienceHouse/quotefault-backend,Rewriting the quotefault backend in  blazing  fast  and  memory safe  rust ,2023-10-20T23:41:13Z,2025-02-09T11:54:30Z,Rust
cojocarudavid.me,cojocaru-david/cojocarudavid.me,Blazing fast personal website built with Astro.js and styled with Tailwind CSS. ,2023-10-16T19:36:58Z,2025-02-15T23:59:21Z,Astro
text-embeddings-inference,huggingface/text-embeddings-inference,A blazing fast inference solution for text embeddings models,2023-10-13T13:36:51Z,2025-02-26T11:27:27Z,Rust
unplugin-favicons,anolilab/unplugin-favicons,Generate favicons for your project with caching for blazing fast rebuilds.,2023-10-08T18:42:07Z,2025-02-28T15:07:22Z,TypeScript
badlang,gianzellweger/badlang,"Next generation, blazingly fast, stack based programming language",2023-09-27T21:42:35Z,2025-02-27T10:52:37Z,Rust
advent-of-code-js,JoanaBLate/advent-of-code-js,"Clear, and blazingly fast solutions for the Advent Of Code puzzles, in JavaScript.",2023-09-23T17:02:09Z,2025-01-18T19:24:50Z,JavaScript
NeutronVim,daUnknownCoder/NeutronVim," Unleash the Power  with A Highly Customizable  & Blazingly Fast  Neovim Configuration, Inspired by the Unyielding Force  of Neutron Stars , harnessing the incredible gravitational pull of Neovim's capabilities , offering a star-studded constellation of features and plugins  for a seamless and efficient coding journey !",2023-09-18T11:09:36Z,2025-03-01T01:24:06Z,Lua
Pilzic,Pilgrimeru/Pilzic,"Meet Pilzic  A blazing-fast, no-BS Discord music bot  No Lavalink, no extra APIs, just drop in your Discord token and start playing!",2023-09-04T20:30:31Z,2025-02-27T20:15:20Z,TypeScript
my-cli,JeanNicolasdeLamballerie/my-cli,"Rust based, blazing fast personal CLI utils",2023-08-29T17:49:44Z,2025-02-10T23:11:12Z,Rust
beff,lucasavila00/beff,Efficient validators from Typescript types generated by a blazing fast compiler,2023-08-28T02:32:08Z,2025-02-09T13:59:44Z,Rust
nathan.rs,nathan-barry/nathan.rs,My personal site using Hugo for static site generation. Blazingly Fast.,2023-08-27T00:03:29Z,2025-02-28T03:27:27Z,HTML
lakrestofer.xyz,lakrestofer/lakrestofer.xyz,This is the source and content of my personal site build using the blazingly fast static site generator zola!,2023-08-26T15:24:31Z,2025-02-10T17:36:18Z,HTML
bfcc,kugiyasan/bfcc,Blazingly Fast C Compiler (written in Rust),2023-08-25T05:15:24Z,2025-02-14T02:14:05Z,Rust
gateway,Portkey-AI/gateway,"A blazing fast AI Gateway with integrated guardrails. Route to 200+ LLMs, 50+ AI Guardrails with 1 fast & friendly API.",2023-08-23T11:52:47Z,2025-02-28T17:03:33Z,TypeScript
airup,sisungo/airup," Airup is a modern, portable and blazingly fast implementation of service supervisor and the init daemon.",2023-08-14T09:25:45Z,2025-02-01T09:30:08Z,Rust
CoDriver,RickyDane/CoDriver,Blazingly fast file explorer.,2023-08-13T10:40:59Z,2025-02-09T14:32:42Z,JavaScript
btc-vanity,Emivvvvv/btc-vanity,"A blazingly fast Bitcoin, Ethereum, and Solana vanity address generator.",2023-08-01T11:00:49Z,2025-02-15T09:55:04Z,Rust
lla,chaqchase/lla,blazing fast `ls` replacement with superpowers,2023-07-31T13:51:59Z,2025-01-27T09:06:40Z,Rust
IceNvim,Shaobin-Jiang/IceNvim,"A beautiful, powerful and customizable neovim config that is blazing fast",2023-07-30T08:22:55Z,2025-02-21T13:47:13Z,Lua
Vim-IDE-Config,maindotmarcell/Vim-IDE-Config,Minimalist Vim motion config for blazingly fast workflows on common IDEs/editors with Vim Extension...,2023-07-29T19:14:38Z,2025-02-12T12:54:20Z,Vim Script
goscrapy,tech-engine/goscrapy,"GoScrapy: Harnessing Go's power for blazingly fast web scraping, inspired by Python's Scrapy framework.",2023-07-27T06:47:50Z,2025-02-16T08:27:42Z,Go
brontes,SorellaLabs/brontes,A blazingly fast general purpose blockchain analytics engine specialized in systematic mev detection,2023-07-11T13:01:46Z,2025-02-05T20:38:18Z,Rust
yazi,sxyazi/yazi," Blazing fast terminal file manager written in Rust, based on async I/O.",2023-07-08T11:45:55Z,2025-02-28T11:21:19Z,Rust
starknet-foundry,foundry-rs/starknet-foundry,Blazing fast toolkit for developing Starknet contracts.,2023-07-05T22:27:04Z,2025-02-28T16:06:13Z,Rust
otterscan,Zilliqa/otterscan,"A blazingly fast, local, Ethereum block explorer built on top of Erigon",2023-07-04T16:13:30Z,2025-02-14T16:12:03Z,TypeScript
BaS,aigzhusmart/BaS,BaS: An Efficient Blazing-Fast Breast Lesion Segmentation in Ultrasound Video for Medical Video Analysis Across Multiple Source-limited  Platforms,2023-07-02T14:21:26Z,2025-02-20T02:31:21Z,
pyref,WSU-Carbon-Lab/pyref,Blazingly fast Python x Rust toolkit for processing and analyzing Polarized Resonant X-ray Experiments,2023-06-29T00:38:02Z,2025-02-25T00:52:49Z,Python
bevy_lunex,bytestring-net/bevy_lunex,Blazingly fast retained layout engine for Bevy ECS.,2023-06-26T20:44:39Z,2025-02-28T19:02:07Z,Rust
PASPAS,berkaygediz/PASPAS," Blazing-fast, all-in-one system optimizer. Improve your computer's efficiency with powerful cleaning and tuning tools.",2023-06-22T01:26:30Z,2025-02-27T22:59:55Z,C#
vertex,nullisxyz/vertex,"Blazing-fast, modular Ethereum Swarm client in Rust",2023-06-17T09:42:13Z,2025-02-27T14:06:56Z,Rust
Noctura,NebulaServices/Noctura,The blazing fast solution to internet censorship. Access blocked websites with ease while maintaining anonymity and security.,2023-06-16T23:48:09Z,2025-02-08T02:52:39Z,Astro
markdown-it-pyrs,chrisjsewell/markdown-it-pyrs,"A Python interface for markdown-it.rs, using Rust for blazingly fast parsing  ",2023-06-08T11:59:45Z,2025-02-24T20:23:13Z,Rust
hictk,paulsengroup/hictk,Blazing fast toolkit to work with .hic and .cool files,2023-06-07T20:27:51Z,2025-02-28T16:22:30Z,C++
thinkblink,musicero/thinkblink,BLAZING FAST tool to control the thinkpad lid light,2023-06-03T18:49:39Z,2025-01-24T00:21:04Z,Rust
RustyInk,arjunkomath/RustyInk,A blazing fast static site generator in Rust,2023-06-02T22:47:39Z,2025-01-29T06:22:51Z,Rust
pandora,joseph0x45/pandora,Blazingly fast and safe terminal password manager written in Golang,2023-06-01T07:51:49Z,2025-02-21T18:55:28Z,
song-stitch,SongStitch/song-stitch,A blazingly fast web app for generating LastFM collages.,2023-05-20T21:07:46Z,2025-02-23T22:05:33Z,Go
algoliasearch-client-dart,algolia/algoliasearch-client-dart, A fully-featured and blazing-fast Dart/Flutter API client to interact with Algolia,2023-05-15T15:43:35Z,2025-02-24T15:14:06Z,Dart
bbook,dfirebaugh/bbook,a simple and blazingly-fast static site generator for making documentation,2023-05-15T01:47:27Z,2025-01-29T12:49:11Z,Go
broadcast_queue,theartful/broadcast_queue,A blazingly fast single producer multiple consumer broadcast queue,2023-05-10T12:56:32Z,2025-02-15T20:52:38Z,C++
pyromark,monosans/pyromark,Blazingly fast Markdown parser for Python written in Rust.,2023-05-07T12:54:53Z,2025-02-28T10:50:56Z,Python
txlogger,roffe/txlogger,"Blazing fast data logging for Trionic 5, 7 & 8 ",2023-05-06T10:12:06Z,2025-02-28T22:16:02Z,Go
fury,apache/fury,A blazingly fast multi-language serialization framework powered by JIT and zero-copy.,2023-04-28T03:57:00Z,2025-03-01T07:05:46Z,Java
solar,paradigmxyz/solar,"Blazingly fast, modular and contributor friendly Solidity compiler, written in Rust",2023-04-21T18:39:28Z,2025-02-28T13:56:55Z,Rust
shurtle-ts,danihengeveld/shurtle-ts,"The open source, blazingly fast URL shortener.",2023-04-13T21:45:42Z,2025-02-26T09:17:05Z,TypeScript
indentmini.nvim,nvimdev/indentmini.nvim,A minimal and blazing fast indentline plugin,2023-04-13T09:54:52Z,2025-02-24T08:52:28Z,Lua
transeptor-bundler,transeptorlabs/transeptor-bundler,"A light weight blazing fast, modular ERC4337 TypeScript bundler built with functional programming.",2023-04-09T19:51:47Z,2025-02-23T18:54:34Z,TypeScript
demofile-net,saul/demofile-net,"Blazing fast cross-platform demo parser library for Counter-Strike 2 and Valve's Deadlock, written in C#.",2023-03-25T09:22:25Z,2025-03-01T00:49:15Z,C#
neofuzz,x-tabdeveloping/neofuzz,Blazing fast fuzzy text search for Python.,2023-03-22T12:44:26Z,2025-01-21T09:00:58Z,Python
sqlgen,si3nloong/sqlgen,"SQL code generator, no extra runtime cost! It's blazingly fast!!! ",2023-03-22T01:52:26Z,2025-02-20T11:32:35Z,Go
JSC-Compiler,MaddyGuthridge/JSC-Compiler,"A  BLAZINGLY FAST , but  refreshingly simple  JavaScript to JavaScript compiler",2023-03-20T10:17:57Z,2025-02-13T21:59:12Z,JavaScript
haylxon,pwnwriter/haylxon, Blazing-fast tool to grab screenshots of your domain list right from terminal. ,2023-03-19T04:47:43Z,2025-02-25T18:24:35Z,Rust
setup-duckdb-action,opt-nc/setup-duckdb-action, Blazing Fast and highly customizable Github Action to setup a DuckDb runtime,2023-03-14T04:24:53Z,2025-02-26T08:59:53Z,JavaScript
react-native-pdf-renderer,douglasjunior/react-native-pdf-renderer," A zoomable, blazing fast, zero dependencies, pure native, typed PDF Renderer for Android and iOS.",2023-03-09T11:19:24Z,2025-03-01T01:12:15Z,Java
whichlang,quickwit-oss/whichlang,A blazingly fast and lightweight language detection library for Rust,2023-03-07T05:32:29Z,2025-01-22T19:42:55Z,Rust
jiractl,containeroo/jiractl,A blazing fast CLI tool to do Jira stuff like a real hacker ,2023-03-06T07:22:00Z,2025-01-24T14:02:25Z,Go
year-progress,mbacalan/year-progress,Years are passing blazingly fast,2023-03-03T21:28:04Z,2025-03-01T01:36:28Z,Rust
cloudtrail-cli,guessi/cloudtrail-cli,Blazing fast single purpose cli for CloudTrail log filtering,2023-02-23T17:55:28Z,2025-02-28T15:32:19Z,Go
hyper-db,tableau/hyper-db,"Documentation for Hyper, the blazingly fast SQL engine powering analytics at Tableau and Salesforce",2023-02-21T13:32:22Z,2025-02-21T13:41:16Z,TypeScript
lost,snprajwal/lost,A Blazingly Fast general-purpose programming language,2023-02-14T07:41:10Z,2025-01-20T19:47:31Z,Rust
Neovim-Config,Sawansunar56/Neovim-Config,This is the config files that I would use to start a life of a superior programmer. I will go blazingly Fast now. ,2023-02-05T20:48:10Z,2025-02-18T12:21:30Z,Lua
blazingly-fast,shakhzodkudratov/blazingly-fast,my approach in getting blazingly fast,2023-02-05T00:18:07Z,2025-02-26T10:41:05Z,Nix
wonda,wondergram-org/wonda,"A light, blazing fast framework for developing capable bots.",2023-02-01T05:28:16Z,2025-02-12T15:27:41Z,Python
hollywood,anthdm/hollywood,Blazingly fast and light-weight Actor engine written in Golang,2023-01-27T14:36:30Z,2025-02-24T13:54:38Z,Go
react-tsx-vite-starter,oardi/react-tsx-vite-starter,blazing fast react tsx vite starter project ,2023-01-27T10:29:12Z,2025-02-11T09:28:01Z,TypeScript
rapid-draughts,loks0n/rapid-draughts,"A super speedy, blazing fast, rocket-powered TypeScript draughts/checkers engine with move validation, AI and game history.",2023-01-24T15:14:43Z,2025-02-05T12:21:51Z,TypeScript
FyUTILS,noahzeisberg/FyUTILS," A utility command line application built with Go, offering blazing-fast performance and awesome utilities.",2023-01-20T21:16:14Z,2025-02-05T02:55:49Z,Go
zap,zigzap/zap,blazingly fast backends in zig,2023-01-12T21:36:31Z,2025-02-25T13:37:47Z,C
trailblazer.nvim,LeonHeidelbach/trailblazer.nvim,TrailBlazer enables you to seemlessly move through important project marks as quickly and efficiently as possible to make your workflow blazingly fast .,2023-01-11T18:38:53Z,2025-02-04T10:07:04Z,Lua
Interstellar,UseInterstellar/Interstellar,One of the most popular modern web proxies with blazing fast speeds and a variety of games.,2023-01-05T21:57:19Z,2025-02-27T23:42:17Z,JavaScript
search,MAA-Contest-Tester/search,A bLaZiNgLy fast search engine for browsing math problems to try. All problems scraped from the AoPS forums.,2022-12-27T01:25:42Z,2025-02-12T01:40:08Z,Go
OptiGUI,opekope2/OptiGUI,Blazing fast custom GUI textures on Fabric and Quilt with built-in OptiFine custom GUI resource pack support,2022-12-15T21:34:41Z,2025-02-27T23:30:28Z,Kotlin
Fetchy,ClementNerma/Fetchy,A basic but blazingly fast and simple file-based package manager,2022-12-02T09:57:52Z,2025-02-19T20:25:12Z,Rust
gh-backup,maxammann/gh-backup,Blazingly fast tool to backup a Github organisation (written in Rust),2022-11-26T16:46:32Z,2025-02-04T12:07:56Z,Rust
BridgeNet2,ffrostfall/BridgeNet2,A blazing fast networking library for Roblox,2022-11-23T06:35:36Z,2025-02-20T00:01:34Z,Luau
ruby-polars,ankane/ruby-polars,Blazingly fast DataFrames for Ruby,2022-11-22T05:59:48Z,2025-02-25T20:54:46Z,Ruby
chhoto-url,SinTan1729/chhoto-url,"A simple, blazingly fast, selfhosted URL shortener with no unnecessary features; written in Rust.",2022-11-21T01:37:06Z,2025-01-30T07:03:20Z,Rust
rocket-fft,styfenschaer/rocket-fft,"Rocket-FFT makes Numba aware of  numpy.fft and scipy.fft. Rocket-FFT takes its name from the PocketFFT Fast Fourier Transformation library that powers it, and Numba's goal of making your scientific Python code blazingly fast - like a rocket. ",2022-11-19T22:52:55Z,2025-02-07T16:32:05Z,Python
milosz08,milosz08/milosz08,"My own blazing fast and concurrency Java SSG engine, powered with markdown and HBS templates.",2022-11-13T04:34:22Z,2025-02-06T10:00:46Z,Java
zap,elbywan/zap,Another [insert blazing fast synonyms] JavaScript package manager ,2022-11-06T20:24:08Z,2025-02-10T08:21:14Z,Crystal
poeticmetric,th0th/poeticmetric,"PoeticMetric is a free as in freedom, open source, privacy-first, regulation-compliant, and blazingly fast Google Analytics alternative.",2022-11-02T10:44:19Z,2025-02-23T21:23:00Z,TypeScript
ityfuzz,fuzzland/ityfuzz,Blazing Fast Bytecode-Level Hybrid Fuzzer for Smart Contracts,2022-10-25T00:09:33Z,2025-02-14T02:31:38Z,Rust
FlameCsv,ovska/FlameCsv,Blazing fast and fully featured CSV library for C#/.NET,2022-10-24T13:40:18Z,2025-02-28T21:07:01Z,C#
dotfiles,valfur03/dotfiles,My blazing fast dotfiles,2022-10-15T07:58:33Z,2025-02-12T14:15:52Z,Lua
lfs,txaty/lfs,Blazingly fast Lagrange Four Square Sum Solver.,2022-09-21T08:38:48Z,2025-02-11T16:26:33Z,Go
reth,paradigmxyz/reth,"Modular, contributor-friendly and blazing-fast implementation of the Ethereum protocol, in Rust",2022-09-15T23:05:57Z,2025-03-01T07:18:45Z,Rust
tchatchers,nag763/tchatchers,tchatchers is a blazing fast chat application built with Axum and Yew.rs,2022-08-27T08:49:18Z,2025-02-22T10:12:56Z,Rust
hakuin,pruzko/hakuin,A blazing fast and fully configurable Blind SQL Injection optimization and automation framework.,2022-08-12T08:18:23Z,2025-02-25T13:49:09Z,Python
termv-rs,Roshan-R/termv-rs,Termv. Now blazingly fast ,2022-08-02T15:25:56Z,2025-02-14T06:38:40Z,Rust
rumdb,alexyer/rumdb,Blazing fast log-structured key-value storage based on Bitcask[1] whitepaper.,2022-07-12T16:12:12Z,2025-02-26T12:26:40Z,Rust
rsonpath,rsonquery/rsonpath,Blazing fast JSONPath query engine written in Rust.,2022-07-09T13:28:54Z,2025-02-24T22:44:47Z,Rust
rgit,w4/rgit, blazingly fast web frontend for git repositories,2022-07-06T00:09:01Z,2025-02-01T19:09:15Z,Rust
nvim,veyxov/nvim,Blazingly fast neovim configuration,2022-07-03T11:36:38Z,2025-02-12T04:37:58Z,Lua
hyprpaper,hyprwm/hyprpaper,Hyprpaper is a blazing fast wayland wallpaper utility with IPC controls.,2022-07-01T18:16:44Z,2025-02-28T17:56:02Z,C++
fidget,mkeeter/fidget,blazing fast implicit surface evaluation,2022-06-24T23:12:47Z,2025-02-28T14:05:41Z,Rust
alfred-emoji-picker,devnoname120/alfred-emoji-picker,Input emojis from Alfred  at a blazing-fast speed,2022-06-19T13:32:14Z,2025-02-03T23:12:27Z,Go
pulsar,exein-io/pulsar,"A modular and blazing fast runtime security tool for the IoT, powered by eBPF.",2022-06-18T15:38:05Z,2025-02-27T06:33:47Z,Rust
timetabl-app,debater-coder/timetabl-app,"A blazing fast, offline-enabled, installable timetable app for SBHS",2022-06-12T06:58:27Z,2025-02-18T01:14:03Z,TypeScript
Gopher-Find,caetano-dev/Gopher-Find,Gopher Find is a blazingly fast alternative to Sherlock written in Golang. It is an OSINT tool that looks for usernames around the web and organizes all the links in a single place.,2022-06-09T23:37:05Z,2025-02-26T22:44:56Z,Go
server,StardustXR/server,"Stardust XR Reference Server, now blazingly fast in Rust :D",2022-05-12T03:49:39Z,2025-03-01T00:45:38Z,Rust
nvim,zmird/nvim,A blazing fast nvim configuration,2022-05-09T05:53:29Z,2025-01-19T01:32:21Z,Lua
lsp-bridge,manateelazycat/lsp-bridge,A blazingly fast LSP client for Emacs,2022-05-03T00:08:34Z,2025-02-22T00:41:22Z,Emacs Lisp
core,StardustXR/core,"libstardustxr, written from scratch blazingly fast in Rust!",2022-04-30T05:52:17Z,2025-03-01T05:21:05Z,Rust
SupaComments,mcnaveen/SupaComments," A blazing fast, lightweight, and open source comment system for your static website, blogs powered by Supabase",2022-04-09T17:18:07Z,2025-02-09T17:11:22Z,JavaScript
nvim,NTBBloodbath/nvim,My personal blazingly fast Neovim setup,2022-02-22T13:45:02Z,2025-01-28T09:33:46Z,Lua
keysets,warpdotdev/keysets,"Custom keyboard shortcut presets for Warp, a blazingly fast modern terminal",2022-02-16T20:11:29Z,2025-02-12T18:17:00Z,
Luma-React-PWA-Magento-Theme,Genaker/Luma-React-PWA-Magento-Theme,Blazing-Fast Default Magento Luma theme on ReactJS UI components PWA features and better performance Open Source Hyva alternative,2022-01-13T05:41:12Z,2025-02-27T20:42:16Z,Less
rules_oci,DataDog/rules_oci,blazing fast Bazel rules for building OCI Images,2022-01-10T20:50:39Z,2025-02-25T21:05:08Z,Go
node-trashkek,meetmonday/node-trashkek,blazing fast () hooeta ,2022-01-06T20:08:18Z,2025-01-31T00:30:57Z,JavaScript
nvim,wochap/nvim,Blazingly fast nvim config inspired by NvChad and LazyVim,2021-12-12T22:07:58Z,2025-02-19T22:38:01Z,Lua
shapeshift,sapphiredev/shapeshift,Blazing fast input validation and transformation ,2021-12-10T15:21:09Z,2025-02-23T02:09:33Z,TypeScript
embark-vc,elken/embark-vc,Blazing fast embark actions for various version control packages ,2021-11-20T08:58:56Z,2025-01-21T15:59:14Z,Emacs Lisp
gefyra,gefyrahq/gefyra,"Blazingly-fast :rocket:, rock-solid, local application development :arrow_right: with Kubernetes.",2021-11-18T16:57:16Z,2025-02-28T18:12:32Z,Python
rubot,tk744/rubot,A blazing fast 3x3 Rubik's cube solver written in C.,2021-11-05T19:47:01Z,2025-02-08T04:12:50Z,C
Passivhaus,wszczawinski/Passivhaus,This project leverages Gatsby with TypeScript and Sass to create a blazing-fast website with WordPress as headless CMS and automated deployment through GitHub Actions CI/CD.,2021-10-16T17:03:26Z,2025-02-28T17:11:11Z,TypeScript
yas,wormtql/yas,Blazingly fast Genshin Impact/Honkai: Starrail artifacts scanner,2021-10-06T08:10:53Z,2025-02-03T13:39:21Z,Rust
foundry,foundry-rs/foundry,"Foundry is a blazing fast, portable and modular toolkit for Ethereum application development written in Rust.",2021-09-08T11:23:11Z,2025-03-01T08:35:33Z,Rust
nvim,Allaman/nvim,"Minimal, blazingly fast, and pure Lua based Neovim configuration for my work as DevOps/Cloud Engineer with batteries included for Python, Golang, and, of course, YAML",2021-08-07T11:45:29Z,2025-02-01T23:55:08Z,Lua
imbl,jneem/imbl,Blazing fast immutable collection datatypes for Rust.,2021-08-06T16:40:40Z,2025-02-12T07:17:33Z,Rust
senselogs,sensedeep/senselogs,"Simple, flexible, dynamic, blazing fast logs designed for serverless.",2021-07-16T04:09:47Z,2025-02-07T01:39:31Z,TypeScript
otterscan,otterscan/otterscan,"A blazingly fast, local, Ethereum block explorer built on top of Erigon",2021-07-01T18:22:12Z,2025-02-28T16:33:00Z,TypeScript
blaze,kwai/blaze,Blazing-fast query execution engine speaks Apache Spark language and has Arrow-DataFusion at its core.,2021-06-28T07:29:43Z,2025-02-27T08:19:41Z,Rust
UltiVim,UltiRequiem/UltiVim, A blazing fast and highly documented configuration to serve as a guide.,2021-06-13T03:10:19Z,2025-01-24T18:07:31Z,Lua
100ms-docs,100mslive/100ms-docs," Blazing fast 100ms Documentation built with nextjs, preact , mdx , next-mdx-remote",2021-06-04T08:12:51Z,2025-02-25T10:16:32Z,TypeScript
ethereum-wallet-generator,Planxnx/ethereum-wallet-generator,Blazing fast multiple Ethereum and Crypto vanity wallet generator Generate a ten thousand beautiful crypto wallets in a sec  Awesome ethereum vanity address generator,2021-05-29T18:46:09Z,2025-01-30T17:53:19Z,Go
sonic,bytedance/sonic,A blazingly fast JSON serializing & deserializing library,2021-05-25T03:52:51Z,2025-02-28T02:20:03Z,Go
parallel-disk-usage,KSXGitHub/parallel-disk-usage,"Highly parallelized, blazing fast directory tree analyzer",2021-05-16T07:03:18Z,2025-02-11T05:12:16Z,Rust
transcribe-anything,zackees/transcribe-anything,Multi-backend whisper app. Blazing fast. Mac-arm optimized. Easy install. Input a local file or url and this service will transcribe it using Whisper AI. Completely private and Free ,2021-05-09T00:41:07Z,2025-02-02T07:10:02Z,Python
robin,cesarferreira/robin,JSON driven CLI tool  (Blazing fast  Rust based),2021-05-07T13:46:19Z,2025-02-11T22:57:56Z,Rust
JasonDB,w-henderson/JasonDB," A Blazingly-Fast, JSON-Based, Log-Structured Database.",2021-04-26T18:33:39Z,2025-01-22T12:17:25Z,Rust
advent-of-code,MeanderingProgrammer/advent-of-code,Advent of Code - All Years - Blazingly Fast,2021-03-24T23:38:18Z,2025-02-26T20:50:08Z,Rust
word-cloud,knowledgepicker/word-cloud,Fast word cloud library for .NET. Uses Quadtrees for blazing-fast performance. Maintained by the KnowledgePicker team.,2021-02-26T10:11:45Z,2025-02-23T14:14:25Z,C#
lualine.nvim,nvim-lualine/lualine.nvim,A blazing fast and easy to configure neovim statusline plugin written in pure lua.,2020-12-30T14:35:10Z,2025-02-08T06:44:47Z,Lua
blog,khuedoan/blog,"My personal website (written in Rust, blazingly fast, deployed on Kubernetes, <insert a bunch of random buzzwords here>, just lack content)",2020-12-26T07:53:02Z,2025-02-25T05:07:01Z,Rust
qsv,dathere/qsv,Blazing-fast Data-Wrangling toolkit,2020-12-11T04:08:39Z,2025-02-28T11:05:05Z,Rust
t-rec-rs,sassman/t-rec-rs,Blazingly fast terminal recorder that generates animated gif images for the web written in rust,2020-10-08T23:16:40Z,2025-02-24T04:33:12Z,Rust
elixir-request-validator,heywhy/elixir-request-validator,"A blazing fast request validator for your phoenix app, which validates a request body before hitting the request handler in the controller.",2020-10-03T22:34:02Z,2025-02-23T15:03:11Z,Elixir
minimap.vim,wfxr/minimap.vim," Blazing fast minimap / scrollbar for vim, powered by code-minimap written in Rust.",2020-09-24T13:07:56Z,2025-01-26T17:33:20Z,Vim Script
vc-frontend,VirtoCommerce/vc-frontend,Virto Commerce Frontend - B2B SPA is a fresh look on the field of eCommerce solutions. This is a place where common B2B and B2C scenarios are combined with the most bleeding edge technologies to deliver blazing fast and fully functional solution. It implements common business use-cases needed for a vast majority of projects we build.,2020-09-17T13:32:49Z,2025-02-28T11:54:28Z,TypeScript
bld,Kani-Maki-Gang/bld,A simple and BLAZINGLY fast CI/CD in the making,2020-08-31T19:59:00Z,2025-02-10T07:53:45Z,Rust
fuel-specs,FuelLabs/fuel-specs," Specifications for the Fuel protocol and the FuelVM, a blazingly fast blockchain VM.",2020-08-27T21:08:42Z,2025-02-24T15:33:31Z,
kompute,KomputeProject/kompute,"General purpose GPU compute framework built on Vulkan to support 1000s of cross vendor graphics cards (AMD, Qualcomm, NVIDIA & friends). Blazing fast, mobile-enabled, asynchronous and optimized for advanced GPU data processing usecases. Backed by the Linux Foundation.",2020-07-29T05:23:33Z,2025-02-18T16:00:10Z,C++
issue-status,tadhglewis/issue-status,"A flexible, modern and blazingly fast  status page",2020-06-08T03:41:22Z,2025-02-24T23:04:45Z,TypeScript
SemartApiSkeleton,KejawenLab/SemartApiSkeleton,Blazing Fast Admin and Api Generator for PHP,2020-05-31T09:41:34Z,2025-02-06T09:14:09Z,JavaScript
logdna-agent-v2,logdna/logdna-agent-v2,"The blazingly fast, resource efficient log collection client",2020-04-30T10:31:39Z,2025-01-25T05:29:28Z,Rust
react-substate,Harvtronix/react-substate,"Blazing-fast, centralized state management with auto-guaranteed, immutable state changes",2020-04-12T19:58:59Z,2025-03-01T01:48:15Z,TypeScript
comet,gotzmann/comet,Modern PHP framework for building blazing fast REST APIs and microservices,2020-04-10T13:58:16Z,2025-01-25T18:11:12Z,PHP
deno_lint,denoland/deno_lint,Blazing fast linter for JavaScript and TypeScript written in Rust,2020-03-28T12:31:24Z,2025-02-27T20:13:19Z,Rust
gitui,gitui-org/gitui,Blazing  fast terminal-ui for git written in rust ,2020-03-16T14:38:01Z,2025-02-27T02:24:11Z,Rust
sort-es,cosimochellini/sort-es,"Blazing fast, tree-shakeable, type-safe, modern utility library to sort any type of array",2020-02-16T14:58:28Z,2025-01-28T09:18:17Z,TypeScript
file.d,ozontech/file.d,"A blazing fast tool for building data pipelines: read, process and output events. Our community: https://t.me/file_d_community",2020-02-14T10:59:20Z,2025-02-27T14:57:23Z,Go
css-simple-parser,fabiospampinato/css-simple-parser,"A (S)CSS parser that's tiny, blazing fast and (too) simple.",2020-01-29T23:08:18Z,2025-01-25T20:27:41Z,JavaScript
homepage,kmdarshan/homepage, Blazing fast blog built with Gatsby and Cosmic JS ,2019-12-12T23:52:50Z,2025-02-25T18:28:19Z,JavaScript
dashmap,xacrimon/dashmap,Blazing fast concurrent HashMap for Rust.,2019-12-06T21:48:39Z,2025-02-16T16:37:20Z,Rust
osprey-delight,kdevo/osprey-delight,Osprey Delight is the free-minded artist's choice for a clutter-free and blazingly fast single-page portfolio.,2019-11-23T13:03:41Z,2025-02-07T05:13:02Z,SCSS
FastEMRIWaveforms,BlackHolePerturbationToolkit/FastEMRIWaveforms,Blazingly fast EMRI waveforms,2019-11-22T21:09:08Z,2025-02-28T18:39:46Z,C++
aws-neuron-sdk,aws-neuron/aws-neuron-sdk,"Powering AWS purpose-built machine learning chips. Blazing fast and cost effective, natively integrated into PyTorch and TensorFlow and integrated with your favorite AWS services",2019-11-06T02:12:59Z,2025-02-06T05:08:44Z,Python
nitrobase,Alwatr/nitrobase,"Nitrobase is a blazingly fast, lightweight database built on JSON. It stores data entirely in memory for lightning-quick access, while also providing a JSON file backup for persistence. You can easily serve your data over the web using our high-performance accelerated Nginx server.",2019-09-01T14:29:07Z,2025-02-27T00:54:33Z,TypeScript
ultimate-jekyll,itw-creative-works/ultimate-jekyll,"A boilerplate with Jekyll, Webpack, and Node.js to kickstart the development of blazingly fast, feature-rich, & SEO-ready static sites.",2019-08-24T02:23:42Z,2025-02-06T13:20:58Z,
pro-gallery,wix-incubator/pro-gallery,Blazing fast & beautiful galleries built for the web,2019-08-14T16:53:50Z,2025-02-23T13:05:14Z,JavaScript
carculator,Laboratory-for-Energy-Systems-Analysis/carculator,Prospective environmental and economic life cycle assessment of vehicles made blazing fast.,2019-06-07T11:42:08Z,2025-02-18T10:11:48Z,Python
MNN,alibaba/MNN,"MNN is a blazing fast, lightweight deep learning framework, battle-tested by business-critical use cases in Alibaba. Full multimodal LLM Android App:[MNN-LLM-Android](./apps/Android/MnnLlmChat/README.md)",2019-04-15T07:40:18Z,2025-02-25T12:31:50Z,C++
starship,starship/starship,"  The minimal, blazing-fast, and infinitely customizable prompt for any shell!",2019-04-02T03:23:12Z,2025-03-01T05:09:28Z,Rust
redipress,devgeniem/redipress,A WordPress plugin that provides a blazing fast search engine and WP Query performance enhancements.,2019-02-21T08:45:58Z,2025-02-21T07:09:09Z,PHP
earlvlee,earllee/earlvlee,My personal website and blog. Blazing fast thanks to Gatsby.js.,2018-12-24T23:10:58Z,2025-01-24T03:04:54Z,JavaScript
FastAsyncWorldEdit,IntellectualSites/FastAsyncWorldEdit,"Blazingly fast world manipulation for artists, builders and everyone else: https://www.spigotmc.org/resources/13932/",2018-12-20T17:22:31Z,2025-03-01T08:22:43Z,Java
devolutions-gateway,Devolutions/devolutions-gateway,A blazing fast relay server adaptable to different protocols and desired levels of traffic inspection.,2018-12-18T18:39:09Z,2025-03-01T02:53:57Z,Rust
go-syslog,leodido/go-syslog,Blazing fast syslog parsers,2018-12-16T11:24:22Z,2025-02-10T15:47:24Z,Go
vim-flog,rbong/vim-flog,"A blazingly fast, stunningly beautiful, exceptionally powerful git branch viewer for Vim/Neovim.",2018-11-27T03:17:13Z,2025-02-27T14:26:13Z,Vim Script
validator,ValkyrieStudios/validator,A lightweight blazingly-fast highly extendable and configurable javascript validator that supports both standard objects and FormData,2018-11-19T19:26:40Z,2025-02-23T11:10:31Z,TypeScript
algoliasearch-client-kotlin,algolia/algoliasearch-client-kotlin, A fully-featured and blazing-fast Kotlin/Android API client to interact with Algolia.,2018-10-16T11:19:09Z,2025-02-24T15:14:15Z,Kotlin
doom-config,ztlevi/doom-config,Blazing fast Doom Emacs private configuration,2018-10-03T05:50:55Z,2025-02-27T07:28:19Z,Emacs Lisp
iced,icedland/iced,"Blazing fast and correct x86/x64 disassembler, assembler, decoder, encoder for Rust, .NET, Java, Python, Lua",2018-09-07T19:30:25Z,2025-02-27T08:28:44Z,Rust
sonicjs,lane711/sonicjs,SonicJs Headless CMS - Blazing Fast Headless CMS built on Cloudflare Workers. 100% Javascript Based,2018-08-15T22:49:14Z,2025-03-01T01:26:19Z,TypeScript
graphql-engine-heroku,hasura/graphql-engine-heroku,"Blazing fast, instant realtime GraphQL APIs on Postgres with fine grained access control, also trigger webhooks on database events.",2018-06-21T01:52:56Z,2025-02-27T16:42:07Z,Dockerfile
graphql-engine,hasura/graphql-engine,"Blazing fast, instant realtime GraphQL APIs on all your data with fine grained access control, also trigger webhooks on database events.",2018-06-18T07:57:36Z,2025-02-28T16:43:43Z,TypeScript
charm,neoground/charm,"Experience Charm, a blazing-fast PHP 8 framework tailored for high-performance web apps & APIs. Unleash your business potential with this sleek, lightweight powerhouse. Level up your development!",2018-05-16T19:28:20Z,2025-02-28T23:57:52Z,PHP
ioutils,hungptit/ioutils,A blazing fast tiny file I/O library,2018-01-26T15:44:10Z,2025-02-12T15:40:52Z,C++
edigeo-parser,datagouv/edigeo-parser,Blazing fast parser for EDIGEO files,2017-12-14T20:53:54Z,2025-01-22T11:48:57Z,JavaScript
ESP-DASH,ayushsharma82/ESP-DASH,"Blazing fast library to create a functional, on-device dashboard for ESP8266, ESP32, RP2040+W and RP2350+W microcontrollers",2017-11-10T14:09:51Z,2025-02-21T20:31:05Z,C++
fast-equals,planttheidea/fast-equals,"A blazing fast equality comparison, either shallow or deep",2017-10-15T13:07:00Z,2025-02-18T23:34:54Z,TypeScript
martin,maplibre/martin,"Blazing fast and lightweight PostGIS, MBtiles and PMtiles tile server, tile generation, and mbtiles tooling.",2017-09-30T10:53:46Z,2025-02-26T02:21:15Z,Rust
CoreProtect,PlayPro/CoreProtect,CoreProtect is a blazing fast data logging and anti-griefing tool for Minecraft servers.,2017-08-21T21:59:13Z,2025-02-26T21:05:33Z,Java
utils,ValkyrieStudios/utils,Zero-dependency collection of blazing fast single-function utilities for common tasks,2017-08-21T17:41:38Z,2025-02-27T21:17:43Z,TypeScript
lwc,salesforce/lwc," LWC - A Blazing Fast, Enterprise-Grade Web Components Foundation",2017-07-28T21:21:56Z,2025-03-01T02:07:03Z,JavaScript
odict,TheOpenDictionary/odict,"A blazingly-fast, offline-first format and toolchain for lexical data ",2017-07-03T04:47:38Z,2025-02-27T02:18:16Z,Rust
valet-plus,weprovide/valet-plus,Blazing fast macOS PHP development environment,2017-06-08T20:46:37Z,2025-02-25T14:14:53Z,PHP
browscap-java,blueconic/browscap-java,A blazingly fast and memory efficient (thread-safe) Java client on top of the BrowsCap CSV source files.,2017-04-26T11:55:37Z,2025-02-20T08:47:52Z,Java
chibisafe,chibisafe/chibisafe,Blazing fast file vault written in TypeScript! ,2017-01-13T07:28:41Z,2025-02-18T22:50:45Z,TypeScript
autocomplete,denis-taran/autocomplete,Blazing fast and lightweight autocomplete widget without dependencies. Only 1KB gzipped. Demo:,2016-12-17T13:05:32Z,2025-01-30T07:10:05Z,TypeScript
vue-virtual-scroller,Akryum/vue-virtual-scroller, Blazing fast scrolling for any amount of data,2016-11-29T15:07:14Z,2025-02-01T16:36:36Z,Vue
nanomq,nanomq/nanomq,An ultra-lightweight and blazing-fast Messaging broker/bus for IoT edge & SDV,2016-11-13T06:18:34Z,2025-02-25T11:38:43Z,C
algoliasearch-client-java,algolia/algoliasearch-client-java, A fully-featured and blazing-fast Java API client to interact with Algolia.,2016-07-05T10:16:19Z,2025-02-24T15:14:10Z,Java
funzzy,cristianoliveira/funzzy,A lightweight blazingly fast file watcher.,2016-03-21T20:15:36Z,2025-02-20T15:14:20Z,Rust
zap,uber-go/zap,"Blazing fast, structured, leveled logging in Go.",2016-02-18T19:52:56Z,2025-01-20T15:42:18Z,Go
react-native-update,reactnativecn/react-native-update, Blazing Fast Hot Updates for React Native,2016-02-06T14:16:37Z,2025-02-26T12:43:33Z,TypeScript
zimfw,zimfw/zimfw,"Zim: Modular, customizable, and blazing fast Zsh framework",2015-12-15T05:13:58Z,2025-02-24T13:58:13Z,Shell
algoliasearch-client-scala,algolia/algoliasearch-client-scala, A fully-featured and blazing-fast Scala API client to interact with Algolia.,2015-11-16T14:57:49Z,2025-02-28T11:21:30Z,Scala
Corrfunc,manodeep/Corrfunc,Blazing fast correlation functions on the CPU.,2015-09-30T05:07:04Z,2025-02-24T22:45:51Z,C
table-js,bpmn-io/table-js,A blazing fast library for viewing and editing tables,2015-06-09T07:39:00Z,2025-02-28T09:13:04Z,JavaScript
algoliasearch-client-swift,algolia/algoliasearch-client-swift, A fully-featured and blazing-fast Swift API client to interact with Algolia.,2015-02-11T07:30:57Z,2025-02-28T11:21:31Z,Swift
algoliasearch-client-go,algolia/algoliasearch-client-go, A fully-featured and blazing-fast Go API client to interact with Algolia.,2014-03-14T05:41:02Z,2025-02-24T15:14:08Z,Go
blaze,http4s/blaze,Blazing fast NIO microframework and Http Parser,2014-01-06T03:59:24Z,2025-02-05T16:57:58Z,Scala
algoliasearch-client-csharp,algolia/algoliasearch-client-csharp, A fully-featured and blazing-fast C# API client to interact with Algolia.,2013-07-10T14:52:10Z,2025-02-24T15:14:04Z,C#
algoliasearch-client-ruby,algolia/algoliasearch-client-ruby, A fully-featured and blazing-fast Ruby API client to interact with Algolia.,2013-05-24T20:07:36Z,2025-02-24T15:14:22Z,Ruby
algoliasearch-client-python,algolia/algoliasearch-client-python, A fully-featured and blazing-fast Python API client to interact with Algolia.,2013-05-22T13:57:40Z,2025-02-24T15:14:20Z,Python
algoliasearch-client-javascript,algolia/algoliasearch-client-javascript, A fully-featured and blazing-fast JavaScript API client to interact with Algolia.,2013-05-20T14:35:15Z,2025-02-24T15:14:13Z,TypeScript
algoliasearch-client-php,algolia/algoliasearch-client-php, A fully-featured and blazing-fast PHP API client to interact with Algolia.,2013-05-20T12:37:37Z,2025-02-24T15:14:18Z,PHP
ws,websockets/ws,"Simple to use, blazing fast and thoroughly tested WebSocket client and server for Node.js",2011-11-09T22:32:45Z,2025-02-21T09:08:39Z,JavaScript
